FL_DATE,OP_UNIQUE_CARRIER,OP_CARRIER_FL_NUM,ORIGIN,ORIGIN_STATE_ABR,DEST,DEST_STATE_ABR,CRS_DEP_TIME,DEP_TIME,HOLIDAY,DEP_DELAY_NEW,DISTANCE,aver_temp,total_snow,aver_wind_speed,precipitation,aver_visibility,label
2018-01-01,WN,2034,IND,IN,BWI,MD,1725,1816.0,1,51.0,516.0,-20.5,0.0,12.88,0.0,9.0,1.0
2018-01-01,DL,2578,IAD,VA,ATL,GA,946,1107.0,1,81.0,534.0,-9.0,0.0,14.0,0.0,10.0,1.0
2018-01-01,B6,2451,BOS,MA,MCO,FL,840,935.0,1,55.0,1121.0,-15.0,0.0,17.75,0.0,10.0,1.0
2018-01-01,WN,567,SAT,TX,ATL,GA,1815,1926.0,1,71.0,874.0,-2.0,0.4,17.25,0.5,9.75,1.0
2018-01-01,AA,1690,CLT,NC,ORD,IL,1959,2014.0,1,15.0,599.0,-4.0,0.0,11.38,0.0,10.0,1.0
2018-01-01,AA,1604,EGE,CO,MIA,FL,1220,1247.0,1,27.0,1810.0,-4.0,0.0,7.38,0.0,10.0,1.0
2018-01-01,WN,1815,RDU,NC,BWI,MD,1645,1701.0,1,16.0,255.0,-5.5,0.0,13.5,0.0,10.0,1.0
2018-01-01,WN,1789,PHX,AZ,SAN,CA,1130,1236.0,1,66.0,304.0,16.5,0.0,5.13,0.0,10.0,1.0
2018-01-01,F9,1798,SJC,CA,LAS,NV,1345,1440.0,1,55.0,386.0,14.0,0.0,2.75,0.0,10.0,1.0
2018-01-01,B6,1076,MCO,FL,PVD,RI,1410,1652.0,1,162.0,1072.0,12.0,0.0,15.38,1.4,7.88,1.0
2018-01-01,AA,1544,DFW,TX,IAD,VA,1425,1455.0,1,30.0,1172.0,-5.0,0.0,14.88,0.0,10.0,1.0
2018-01-01,AA,1258,DFW,TX,ORD,IL,1145,1232.0,1,47.0,802.0,-5.0,0.0,14.88,0.0,10.0,1.0
2018-01-01,DL,2431,ATL,GA,PIT,PA,1105,1231.0,1,86.0,526.0,-4.0,0.0,13.25,0.0,10.0,1.0
2018-01-01,WN,714,BWI,MD,MCI,MO,2005,2053.0,1,48.0,967.0,-8.5,0.0,15.63,0.0,10.0,1.0
2018-01-01,WN,6142,LAS,NV,ABQ,NM,2145,2210.0,1,25.0,486.0,10.0,0.0,1.75,0.0,10.0,1.0
2018-01-01,YV,6261,LGA,NY,IAD,VA,1925,2003.0,1,38.0,229.0,-10.5,0.0,21.63,0.0,10.0,1.0
2018-01-01,WN,1541,OKC,OK,HOU,TX,1220,1252.0,1,32.0,419.0,-10.5,0.0,15.13,0.0,10.0,1.0
2018-01-01,OH,5331,CLT,NC,CMH,OH,900,928.0,1,28.0,347.0,-4.0,0.0,11.38,0.0,10.0,1.0
2018-01-01,OO,5497,BUR,CA,DEN,CO,1555,1831.0,1,156.0,850.0,16.5,0.0,4.0,0.0,10.0,1.0
2018-01-01,DL,2370,PBI,FL,LGA,NY,1859,1938.0,1,39.0,1035.0,20.5,0.0,13.0,0.1,10.0,1.0
2018-01-01,B6,1217,BOS,MA,JFK,NY,2147,2237.0,1,50.0,187.0,-15.0,0.0,17.75,0.0,10.0,1.0
2018-01-01,AA,195,MCO,FL,MIA,FL,1135,1352.0,1,137.0,192.0,12.0,0.0,15.38,1.4,7.88,1.0
2018-01-01,AS,569,OAK,CA,SEA,WA,1847,1909.0,1,22.0,672.0,13.0,0.0,3.13,0.0,10.0,1.0
2018-01-01,9E,3348,ATL,GA,MOB,AL,1710,1811.0,1,61.0,302.0,-4.0,0.0,13.25,0.0,10.0,1.0
2018-01-01,DL,853,MSP,MN,TUS,AZ,1115,1136.0,1,21.0,1298.0,-22.5,0.0,10.25,0.0,8.0,1.0
2018-01-01,UA,569,RIC,VA,ORD,IL,630,705.0,1,35.0,642.0,-6.5,0.0,11.63,0.0,10.0,1.0
2018-01-01,YX,4708,STL,MO,PHL,PA,1610,1720.0,1,70.0,814.0,-17.5,0.0,12.25,0.0,10.0,1.0
2018-01-01,DL,1724,EWR,NJ,SLC,UT,1726,2020.0,1,174.0,1969.0,-10.5,0.0,19.5,0.0,10.0,1.0
2018-01-01,NK,337,DTW,MI,MCO,FL,1045,1310.0,1,145.0,957.0,-14.0,0.0,13.5,0.0,9.0,1.0
2018-01-01,AA,767,PHX,AZ,CLT,NC,1120,1150.0,1,30.0,1773.0,16.5,0.0,5.13,0.0,10.0,1.0
2018-01-01,WN,6033,LAX,CA,ELP,TX,1640,1718.0,1,38.0,715.0,17.0,0.0,5.0,0.0,10.0,1.0
2018-01-01,YX,6050,LGA,NY,BOS,MA,1000,1020.0,1,20.0,184.0,-10.5,0.0,21.63,0.0,10.0,1.0
2018-01-01,WN,1371,SMF,CA,SAN,CA,1125,1450.0,1,205.0,480.0,12.0,0.0,3.5,0.0,10.0,1.0
2018-01-01,UA,495,LAX,CA,DEN,CO,545,604.0,1,19.0,862.0,17.0,0.0,5.0,0.0,10.0,1.0
2018-01-01,MQ,3316,SJT,TX,DFW,TX,2020,2218.0,1,118.0,229.0,-5.5,0.0,14.75,0.0,10.0,1.0
2018-01-01,DL,1226,ATL,GA,RSW,FL,1732,1811.0,1,39.0,515.0,-4.0,0.0,13.25,0.0,10.0,1.0
2018-01-01,WN,5602,SJC,CA,SNA,CA,1725,1757.0,1,32.0,342.0,14.0,0.0,2.75,0.0,10.0,1.0
2018-01-01,EV,5327,DTW,MI,HPN,NY,830,1209.0,1,219.0,505.0,-14.0,0.0,13.5,0.0,9.0,1.0
2018-01-01,OO,5406,DFW,TX,DEN,CO,1645,1728.0,1,43.0,641.0,-5.0,0.0,14.88,0.0,10.0,1.0
2018-01-01,B6,1726,TPA,FL,JFK,NY,2235,2339.0,1,64.0,1005.0,12.0,0.0,17.75,0.6,9.0,1.0
2018-01-01,WN,1446,SAN,CA,LAS,NV,1230,1309.0,1,39.0,258.0,15.0,0.0,6.0,0.0,10.0,1.0
2018-01-01,WN,192,MDW,IL,GRR,MI,1340,1413.0,1,33.0,137.0,-19.0,0.0,15.38,0.0,10.0,1.0
2018-01-02,UA,1828,DEN,CO,IAH,TX,1403,1422.0,1,19.0,862.0,-3.5,0.0,8.0,0.0,10.0,1.0
2018-01-02,OO,3336,SAN,CA,AUS,TX,1941,2143.0,1,122.0,1164.0,17.0,0.0,6.0,0.0,10.0,1.0
2018-01-02,DL,671,DTW,MI,MCO,FL,2017,2040.0,1,23.0,957.0,-14.5,0.0,19.13,0.0,10.0,1.0
2018-01-02,EV,2833,DFW,TX,MHK,KS,1550,1814.0,1,144.0,431.0,-4.0,0.0,9.5,0.0,10.0,1.0
2018-01-02,UA,249,IAH,TX,MFE,TX,2145,2243.0,1,58.0,316.0,-0.5,0.0,11.63,0.0,10.0,1.0
2018-01-02,NK,921,LGA,NY,MYR,SC,1105,1120.0,1,15.0,563.0,-7.0,0.0,21.13,0.0,10.0,1.0
2018-01-02,B6,665,BOS,MA,RSW,FL,750,925.0,1,95.0,1249.0,-12.0,0.0,12.0,0.0,10.0,1.0
2018-01-02,B6,1038,AUS,TX,BOS,MA,1846,1956.0,1,70.0,1698.0,-1.5,0.0,12.75,0.0,10.0,1.0
2018-01-02,OO,4495,ORF,VA,DTW,MI,1239,1307.0,1,28.0,529.0,-5.0,0.0,20.13,0.0,10.0,1.0
2018-01-02,WN,6075,MDW,IL,LAX,CA,1220,1249.0,1,29.0,1750.0,-18.0,0.0,17.5,0.0,10.0,1.0
2018-01-02,WN,1336,MCO,FL,BNA,TN,840,901.0,1,21.0,616.0,10.0,0.0,24.0,0.9,7.0,1.0
2018-01-02,WN,3862,MCO,FL,MDW,IL,1730,1757.0,1,27.0,990.0,10.0,0.0,24.0,0.9,7.0,1.0
2018-01-02,AA,1141,LGA,NY,DFW,TX,1300,1331.0,1,31.0,1389.0,-7.0,0.0,21.13,0.0,10.0,1.0
2018-01-02,OO,5062,ORD,IL,EAU,WI,1215,1307.0,1,52.0,269.0,-17.5,0.0,16.5,0.0,10.0,1.0
2018-01-02,DL,2554,MCI,MO,MSP,MN,610,628.0,1,18.0,393.0,-12.5,0.0,9.75,0.0,10.0,1.0
2018-01-02,UA,408,SFO,CA,IAD,VA,730,746.0,1,16.0,2419.0,14.0,0.0,6.0,0.0,10.0,1.0
2018-01-02,MQ,3738,FAR,ND,ORD,IL,1551,1650.0,1,59.0,557.0,-16.5,0.0,20.38,0.0,10.0,1.0
2018-01-02,9E,3472,MLB,FL,ATL,GA,1425,1518.0,1,53.0,442.0,15.5,0.0,30.13,1.2,10.0,1.0
2018-01-02,OO,3029,ORD,IL,DTW,MI,2135,2327.0,1,112.0,235.0,-17.5,0.0,16.5,0.0,10.0,1.0
2018-01-02,WN,1297,DTW,MI,BWI,MD,1525,1603.0,1,38.0,409.0,-14.5,0.0,19.13,0.0,10.0,1.0
2018-01-02,AA,1133,DTW,MI,ORD,IL,1526,1555.0,1,29.0,235.0,-14.5,0.0,19.13,0.0,10.0,1.0
2018-01-02,OO,4439,GSP,SC,DTW,MI,1752,1919.0,1,87.0,508.0,-4.0,0.0,4.38,0.0,10.0,1.0
2018-01-02,WN,6482,DAL,TX,MAF,TX,800,827.0,1,27.0,319.0,-4.0,0.0,10.13,0.0,10.0,1.0
2018-01-02,DL,2505,DFW,TX,ATL,GA,1335,2132.0,1,477.0,731.0,-4.0,0.0,9.5,0.0,10.0,1.0
2018-01-02,YV,6009,IAD,VA,SAT,TX,830,916.0,1,46.0,1362.0,-8.0,0.0,10.63,0.0,10.0,1.0
2018-01-02,AA,1010,DFW,TX,STL,MO,2025,2123.0,1,58.0,550.0,-4.0,0.0,9.5,0.0,10.0,1.0
2018-01-02,WN,6021,DAL,TX,BHM,AL,1600,1615.0,1,15.0,587.0,-4.0,0.0,10.13,0.0,10.0,1.0
2018-01-02,EV,3910,ORD,IL,EVV,IN,1925,1940.0,1,15.0,272.0,-17.5,0.0,16.5,0.0,10.0,1.0
2018-01-02,DL,1400,ATL,GA,CLT,NC,1126,1259.0,1,93.0,226.0,-3.5,0.0,6.25,0.0,10.0,1.0
2018-01-02,OH,5376,CLT,NC,STL,MO,1635,1803.0,1,88.0,575.0,-4.5,0.0,5.63,0.0,10.0,1.0
2018-01-02,B6,2417,MCO,FL,AUS,TX,1959,2017.0,1,18.0,994.0,10.0,0.0,24.0,0.9,7.0,1.0
2018-01-02,WN,6574,SJC,CA,LAS,NV,1135,1248.0,1,73.0,386.0,15.5,0.0,3.88,0.0,10.0,1.0
2018-01-02,AA,2113,PHL,PA,RSW,FL,1859,2036.0,1,97.0,993.0,-8.5,0.0,15.5,0.0,10.0,1.0
2018-01-02,OO,4556,MFR,OR,SEA,WA,710,1011.0,1,181.0,352.0,7.5,0.0,4.38,0.0,10.0,1.0
2018-01-03,WN,549,RNO,NV,LAS,NV,1310,1331.0,0,21.0,345.0,4.5,0.0,5.63,0.5,9.88,1.0
2018-01-03,AA,1708,CLT,NC,DFW,TX,1330,1353.0,0,23.0,936.0,-2.5,0.0,5.25,0.0,10.0,1.0
2018-01-03,WN,1432,BUR,CA,SFO,CA,1730,1805.0,0,35.0,326.0,18.0,0.0,7.25,0.0,10.0,1.0
2018-01-03,B6,478,JAX,FL,JFK,NY,1957,2050.0,0,53.0,828.0,3.0,0.0,19.63,14.8,9.25,1.0
2018-01-03,WN,278,PIT,PA,TPA,FL,1640,1937.0,0,177.0,873.0,-11.0,0.0,7.88,0.0,10.0,1.0
2018-01-03,G4,677,FNT,MI,SFB,FL,1024,1142.0,0,78.0,988.0,-12.5,0.0,19.5,0.0,10.0,1.0
2018-01-03,WN,1714,MDW,IL,PDX,OR,835,927.0,0,52.0,1751.0,-11.0,0.0,17.5,0.0,10.0,1.0
2018-01-03,OO,4847,MLU,LA,ATL,GA,1439,1630.0,0,111.0,448.0,-1.0,0.0,8.75,0.0,10.0,1.0
2018-01-03,DL,2525,BWI,MD,ATL,GA,1202,1245.0,0,43.0,577.0,-4.5,0.0,6.63,0.0,10.0,1.0
2018-01-03,AA,178,MCO,FL,LAX,CA,1855,1912.0,0,17.0,2218.0,7.5,0.0,19.0,3.8,8.63,1.0
2018-01-03,WN,1698,DEN,CO,SJC,CA,1725,1805.0,0,40.0,948.0,2.5,0.0,11.0,0.0,10.0,1.0
2018-01-03,VX,1964,SFO,CA,SAN,CA,2105,2122.0,0,17.0,447.0,12.5,0.0,7.63,3.3,9.75,1.0
2018-01-03,OO,5037,LAX,CA,MRY,CA,1540,1723.0,0,103.0,266.0,20.0,0.0,5.38,0.0,10.0,1.0
2018-01-03,OO,2930,ORD,IL,IND,IN,1150,1420.0,0,150.0,177.0,-11.0,0.2,16.13,0.3,9.38,1.0
2018-01-03,MQ,3789,ORD,IL,MDT,PA,1455,1547.0,0,52.0,594.0,-11.0,0.2,16.13,0.3,9.38,1.0
2018-01-03,YV,6231,IAH,TX,MCI,MO,1200,1224.0,0,24.0,643.0,1.5,0.0,11.38,0.0,10.0,1.0
2018-01-03,YX,3465,EWR,NJ,BNA,TN,1200,1215.0,0,15.0,748.0,-7.0,0.0,8.75,0.0,10.0,1.0
2018-01-03,YX,3665,ORF,VA,EWR,NJ,1735,1756.0,0,21.0,284.0,-1.0,0.0,17.88,4.0,9.5,1.0
2018-01-03,EV,3925,MKE,WI,ORD,IL,1020,1047.0,0,27.0,67.0,-11.5,0.1,20.13,0.1,9.38,1.0
2018-01-03,AS,356,SEA,WA,SFO,CA,2105,2124.0,0,19.0,679.0,5.0,0.0,4.63,0.0,10.0,1.0
2018-01-03,G4,122,AZA,AZ,FSD,SD,640,658.0,0,18.0,1072.0,18.5,0.0,16.0,0.0,10.0,1.0
2018-01-03,OO,4774,DTW,MI,TUL,OK,2000,2344.0,0,224.0,789.0,-13.5,0.0,17.38,0.0,10.0,1.0
2018-01-03,MQ,3783,ORD,IL,MHK,KS,1330,1408.0,0,38.0,501.0,-11.0,0.2,16.13,0.3,9.38,1.0
2018-01-03,WN,696,DAL,TX,LAS,NV,1315,1332.0,0,17.0,1067.0,0.0,0.0,9.38,0.0,10.0,1.0
2018-01-03,UA,1250,IAD,VA,RDU,NC,820,845.0,0,25.0,224.0,-5.0,0.0,4.13,0.0,10.0,1.0
2018-01-03,WN,400,BNA,TN,PNS,FL,1940,2002.0,0,22.0,391.0,-4.0,0.0,7.88,0.0,10.0,1.0
2018-01-03,WN,1736,BNA,TN,MKE,WI,2155,2219.0,0,24.0,475.0,-4.0,0.0,7.88,0.0,10.0,1.0
2018-01-03,WN,1729,OAK,CA,LAX,CA,1250,1321.0,0,31.0,337.0,12.5,0.0,6.63,1.9,9.75,1.0
2018-01-03,AA,1168,MSY,LA,ORD,IL,825,917.0,0,52.0,837.0,3.0,0.0,16.13,0.0,10.0,1.0
2018-01-03,EV,4395,EWR,NJ,PWM,ME,1429,1505.0,0,36.0,284.0,-7.0,0.0,8.75,0.0,10.0,1.0
2018-01-03,AA,1373,DFW,TX,JAX,FL,1215,1356.0,0,101.0,918.0,0.5,0.0,9.0,0.0,10.0,1.0
2018-01-03,UA,538,SNA,CA,SFO,CA,1700,1727.0,0,27.0,372.0,18.0,0.0,4.88,0.0,10.0,1.0
2018-01-03,OH,5572,STL,MO,ORD,IL,1605,1850.0,0,165.0,258.0,-7.5,0.0,16.25,0.0,10.0,1.0
2018-01-03,UA,511,ORD,IL,AUS,TX,1939,2012.0,0,33.0,977.0,-11.0,0.2,16.13,0.3,9.38,1.0
2018-01-03,WN,395,PHX,AZ,SAN,CA,1905,1924.0,0,19.0,304.0,19.0,0.0,11.13,0.0,10.0,1.0
2018-01-03,OO,3102,HDN,CO,ORD,IL,1225,1245.0,0,20.0,1009.0,-3.5,0.0,5.88,0.0,10.0,1.0
2018-01-04,VX,1897,LAS,NV,SFO,CA,650,707.0,0,17.0,414.0,10.5,0.0,3.0,0.0,10.0,1.0
2018-01-04,WN,1272,MDW,IL,DAL,TX,1005,1025.0,0,20.0,793.0,-14.5,0.0,15.5,0.0,10.0,1.0
2018-01-04,AA,2079,PHL,PA,ATL,GA,1250,1341.0,0,51.0,666.0,-6.5,0.9,25.0,7.1,6.5,1.0
2018-01-04,DL,1122,MSP,MN,ATL,GA,725,752.0,0,27.0,907.0,-18.5,0.0,4.75,0.0,10.0,1.0
2018-01-04,DL,1136,ATL,GA,RSW,FL,1456,1545.0,0,49.0,515.0,-2.5,0.0,17.25,0.0,10.0,1.0
2018-01-04,WN,1513,ELP,TX,PHX,AZ,1550,1605.0,0,15.0,347.0,7.5,0.0,5.63,0.2,9.38,1.0
2018-01-04,AA,1455,PHX,AZ,SAT,TX,1617,2248.0,0,391.0,843.0,19.5,0.0,6.25,0.0,10.0,1.0
2018-01-04,OO,4286,DTW,MI,ERI,PA,1200,1529.0,0,209.0,164.0,-15.0,0.0,16.13,0.0,10.0,1.0
2018-01-04,OO,7402,DTW,MI,ESC,MI,825,945.0,0,80.0,306.0,-15.0,0.0,16.13,0.0,10.0,1.0
2018-01-04,OO,5301,MFR,OR,SFO,CA,1045,1313.0,0,148.0,329.0,9.0,0.0,6.5,1.8,9.88,1.0
2018-01-04,WN,1797,LAX,CA,SLC,UT,1520,1536.0,0,16.0,590.0,18.0,0.0,5.25,0.0,10.0,1.0
2018-01-04,AA,246,KOA,HI,LAX,CA,2300,40.0,0,100.0,2504.0,23.5,0.0,9.75,0.0,10.0,1.0
2018-01-04,OO,5103,SBA,CA,LAX,CA,1005,1025.0,0,20.0,89.0,16.5,0.0,5.75,1.2,10.0,1.0
2018-01-04,DL,2497,ATL,GA,BNA,TN,2109,2125.0,0,16.0,214.0,-2.5,0.0,17.25,0.0,10.0,1.0
2018-01-04,WN,271,ELP,TX,DAL,TX,1520,1538.0,0,18.0,562.0,7.5,0.0,5.63,0.2,9.38,1.0
2018-01-04,OH,5470,CLT,NC,CLE,OH,2005,2029.0,0,24.0,430.0,-3.0,0.0,14.88,0.0,10.0,1.0
2018-01-04,G4,696,SFB,FL,TYS,TN,1800,1826.0,0,26.0,511.0,5.5,0.0,13.25,0.0,10.0,1.0
2018-01-04,9E,3400,DTW,MI,PIT,PA,1525,1603.0,0,38.0,201.0,-15.0,0.0,16.13,0.0,10.0,1.0
2018-01-04,DL,2189,SLC,UT,PDX,OR,825,849.0,0,24.0,630.0,0.5,0.0,4.13,0.0,10.0,1.0
2018-01-04,AA,1680,PHL,PA,PBI,FL,1815,1913.0,0,58.0,951.0,-6.5,0.9,25.0,7.1,6.5,1.0
2018-01-04,OO,4554,MDT,PA,DTW,MI,600,1212.0,0,372.0,371.0,-8.0,0.8,23.63,0.9,9.38,1.0
2018-01-05,WN,335,BOS,MA,CMH,OH,1440,1728.0,0,168.0,640.0,-10.5,0.0,24.63,0.0,9.0,1.0
2018-01-05,DL,993,TPA,FL,RDU,NC,1406,1429.0,0,23.0,587.0,8.0,0.0,13.88,0.0,10.0,1.0
2018-01-05,WN,6269,PHX,AZ,OAK,CA,2040,2116.0,0,36.0,646.0,18.5,0.0,4.75,0.0,10.0,1.0
2018-01-05,DL,2504,SLC,UT,DEN,CO,1403,1420.0,0,17.0,391.0,2.0,0.0,4.38,0.0,10.0,1.0
2018-01-05,WN,436,ATL,GA,SAT,TX,2205,7.0,0,122.0,874.0,-3.0,0.0,11.63,0.0,10.0,1.0
2018-01-05,9E,3449,DTW,MI,PWM,ME,955,1010.0,0,15.0,668.0,-17.5,0.0,16.5,0.0,10.0,1.0
2018-01-05,WN,4036,IND,IN,BWI,MD,1115,1431.0,0,196.0,516.0,-17.5,0.0,11.5,0.0,9.0,1.0
2018-01-05,WN,502,TPA,FL,ATL,GA,1950,2107.0,0,77.0,406.0,8.0,0.0,13.88,0.0,10.0,1.0
2018-01-05,OH,5536,CLT,NC,FAY,NC,1630,1817.0,0,107.0,118.0,-3.5,0.0,8.63,0.0,10.0,1.0
2018-01-05,OO,5670,IAH,TX,BNA,TN,1945,2243.0,0,178.0,657.0,9.0,0.0,7.0,0.0,10.0,1.0
2018-01-05,AA,1613,SJU,PR,MIA,FL,1635,1652.0,0,17.0,1045.0,26.0,0.0,14.63,0.0,10.0,1.0
2018-01-05,YV,6330,IAH,TX,DCA,VA,955,1026.0,0,31.0,1208.0,9.0,0.0,7.0,0.0,10.0,1.0
2018-01-05,WN,933,ISP,NY,BWI,MD,1730,1759.0,0,29.0,220.0,-7.5,0.0,47.38,0.0,10.0,1.0
2018-01-05,G4,1201,SFB,FL,AVL,NC,1421,1457.0,0,36.0,465.0,6.0,0.0,8.75,0.0,10.0,1.0
2018-01-05,OO,3189,ORD,IL,CAK,OH,1830,2327.0,0,297.0,343.0,-15.0,0.0,13.63,0.0,10.0,1.0
2018-01-05,AA,1999,RDU,NC,PHL,PA,1533,1656.0,0,83.0,337.0,-5.5,0.0,13.75,0.0,10.0,1.0
2018-01-05,DL,2923,ATL,GA,SMF,CA,940,956.0,0,16.0,2092.0,-3.0,0.0,11.63,0.0,10.0,1.0
2018-01-05,F9,1532,SFO,CA,ATL,GA,1031,1117.0,0,46.0,2139.0,13.0,0.0,10.75,3.5,9.75,1.0
2018-01-05,OH,5107,DCA,VA,ALB,NY,1140,1417.0,0,157.0,318.0,-10.5,0.0,19.25,0.0,10.0,1.0
2018-01-05,WN,5439,MDW,IL,CLE,OH,2235,2336.0,0,61.0,307.0,-15.0,0.0,14.38,0.0,10.0,1.0
2018-01-05,B6,815,BOS,MA,BUF,NY,1630,1705.0,0,35.0,395.0,-10.5,0.0,24.63,0.0,9.0,1.0
2018-01-05,UA,401,RNO,NV,DEN,CO,1335,1355.0,0,20.0,804.0,6.0,0.0,6.25,0.2,10.0,1.0
2018-01-05,WN,543,LGA,NY,BNA,TN,1645,1709.0,0,24.0,764.0,-10.0,0.0,34.88,0.0,10.0,1.0
2018-01-05,B6,1202,FLL,FL,JFK,NY,1225,1630.0,0,245.0,1069.0,12.5,0.0,19.75,0.0,10.0,1.0
2018-01-06,DL,1149,LAX,CA,HNL,HI,1715,1734.0,0,19.0,2556.0,17.5,0.0,4.88,0.0,10.0,1.0
2018-01-06,DL,692,ROA,VA,ATL,GA,700,744.0,0,44.0,357.0,-11.0,0.0,12.75,0.0,10.0,1.0
2018-01-06,B6,1266,RSW,FL,BOS,MA,1910,1925.0,0,15.0,1249.0,11.5,0.0,18.5,0.0,10.0,1.0
2018-01-06,WN,3823,MDW,IL,MCI,MO,1650,1715.0,0,25.0,405.0,-14.0,0.0,10.25,0.0,10.0,1.0
2018-01-06,OO,5669,SLC,UT,DEN,CO,1520,1615.0,0,55.0,391.0,1.5,0.0,6.25,0.0,10.0,1.0
2018-01-06,UA,497,EWR,NJ,SFO,CA,830,1021.0,0,111.0,2565.0,-12.5,0.0,24.75,0.0,10.0,1.0
2018-01-06,OO,2941,ORD,IL,RST,MN,1315,1648.0,0,213.0,268.0,-14.0,0.0,9.38,0.0,10.0,1.0
2018-01-06,WN,2612,MDW,IL,EWR,NJ,2105,2127.0,0,22.0,711.0,-14.0,0.0,10.25,0.0,10.0,1.0
2018-01-06,OH,5558,ILM,NC,CLT,NC,1246,1334.0,0,48.0,185.0,-4.0,0.0,12.88,0.0,10.0,1.0
2018-01-06,DL,1611,DEN,CO,SLC,UT,700,716.0,0,16.0,391.0,5.5,0.0,4.63,0.0,10.0,1.0
2018-01-06,AA,2263,DFW,TX,LGA,NY,1440,1525.0,0,45.0,1389.0,10.0,0.0,12.63,0.0,10.0,1.0
2018-01-06,AA,760,PHL,PA,DCA,VA,1540,1732.0,0,112.0,119.0,-12.5,0.0,17.75,0.0,10.0,1.0
2018-01-06,UA,476,JAC,WY,IAH,TX,1300,1334.0,0,34.0,1265.0,-5.0,3.5,6.88,4.0,5.75,1.0
2018-01-06,B6,992,TPA,FL,BOS,MA,1408,1631.0,0,143.0,1185.0,10.5,0.0,13.25,0.0,10.0,1.0
2018-01-06,MQ,3620,CVG,KY,JFK,NY,1245,1313.0,0,28.0,589.0,-13.0,0.0,5.13,0.0,10.0,1.0
2018-01-06,DL,831,MCO,FL,MSP,MN,1050,1105.0,0,15.0,1310.0,8.5,0.0,11.13,0.0,10.0,1.0
2018-01-06,AA,685,CLT,NC,MCO,FL,1959,2027.0,0,28.0,468.0,-4.5,0.0,6.25,0.0,10.0,1.0
2018-01-06,WN,2881,MDW,IL,PIT,PA,1405,1432.0,0,27.0,402.0,-14.0,0.0,10.25,0.0,10.0,1.0
2018-01-06,DL,1757,ATL,GA,SNA,CA,1027,1055.0,0,28.0,1919.0,-1.5,0.0,8.88,0.0,10.0,1.0
2018-01-06,AA,756,CLT,NC,PVD,RI,1309,1439.0,0,90.0,683.0,-4.5,0.0,6.25,0.0,10.0,1.0
2018-01-06,AS,15,BOS,MA,SEA,WA,1620,1635.0,0,15.0,2496.0,-15.0,0.0,20.88,0.0,10.0,1.0
2018-01-06,DL,1187,BOS,MA,TPA,FL,830,900.0,0,30.0,1185.0,-15.0,0.0,20.88,0.0,10.0,1.0
2018-01-06,WN,3939,MCO,FL,PHL,PA,935,1102.0,0,87.0,861.0,8.5,0.0,11.13,0.0,10.0,1.0
2018-01-06,YX,4523,CLT,NC,CMH,OH,2000,2017.0,0,17.0,347.0,-4.5,0.0,6.25,0.0,10.0,1.0
2018-01-06,F9,607,IND,IN,DEN,CO,1957,2036.0,0,39.0,977.0,-15.5,0.0,7.25,0.0,9.0,1.0
2018-01-06,OO,2964,ORD,IL,LSE,WI,1643,1742.0,0,59.0,215.0,-14.0,0.0,9.38,0.0,10.0,1.0
2018-01-07,OO,5502,LAX,CA,MTJ,CO,1250,1324.0,0,34.0,666.0,18.0,0.0,5.5,0.0,10.0,1.0
2018-01-07,AA,2435,MIA,FL,LAX,CA,1530,1651.0,0,81.0,2342.0,17.0,0.0,22.25,0.4,9.88,1.0
2018-01-07,OO,5024,AVL,NC,ORD,IL,1020,1130.0,0,70.0,536.0,-4.5,0.0,5.5,0.0,10.0,1.0
2018-01-07,YX,3733,ORD,IL,TVC,MI,2059,2119.0,0,20.0,224.0,-7.5,1.1,20.75,1.3,7.88,1.0
2018-01-07,OO,5843,IAH,TX,ATL,GA,1627,1657.0,0,30.0,689.0,14.5,0.0,11.88,2.2,10.0,1.0
2018-01-07,NK,757,EWR,NJ,LAS,NV,630,646.0,0,16.0,2227.0,-12.0,0.0,13.88,0.0,10.0,1.0
2018-01-07,AA,1841,LGA,NY,PHL,PA,629,654.0,0,25.0,96.0,-12.0,0.0,15.63,0.0,10.0,1.0
2018-01-07,UA,1234,TPA,FL,IAH,TX,1907,2022.0,0,75.0,787.0,12.5,0.0,19.0,0.0,10.0,1.0
2018-01-07,B6,499,LGA,NY,MCO,FL,2100,26.0,0,206.0,950.0,-12.0,0.0,15.63,0.0,10.0,1.0
2018-01-07,WN,3945,SAT,TX,LAX,CA,2000,2017.0,0,17.0,1211.0,14.5,0.0,13.75,1.4,9.0,1.0
2018-01-07,MQ,3324,ORD,IL,CMH,OH,2138,2327.0,0,109.0,296.0,-7.5,1.1,20.75,1.3,7.88,1.0
2018-01-07,DL,2372,ATL,GA,TPA,FL,1320,1339.0,0,19.0,406.0,-0.5,0.0,11.25,0.0,10.0,1.0
2018-01-07,UA,236,ATL,GA,IAH,TX,1728,1818.0,0,50.0,689.0,-0.5,0.0,11.25,0.0,10.0,1.0
2018-01-07,OO,5472,ORD,IL,GRB,WI,2055,2249.0,0,114.0,173.0,-7.5,1.1,20.75,1.3,7.88,1.0
2018-01-07,OH,5188,DCA,VA,CAK,OH,1940,2254.0,0,194.0,274.0,-10.0,0.0,7.13,0.0,10.0,1.0
2018-01-07,MQ,3672,CMH,OH,ORD,IL,2040,2130.0,0,50.0,296.0,-9.5,0.0,12.63,0.0,10.0,1.0
2018-01-07,WN,3414,LAX,CA,SJC,CA,1940,2112.0,0,92.0,308.0,18.0,0.0,5.5,0.0,10.0,1.0
2018-01-07,OO,4957,SFO,CA,SEA,WA,1030,1142.0,0,72.0,679.0,11.0,0.0,5.13,0.0,10.0,1.0
2018-01-07,UA,761,ORD,IL,SFO,CA,817,912.0,0,55.0,1846.0,-7.5,1.1,20.75,1.3,7.88,1.0
2018-01-07,WN,4606,MDW,IL,LAS,NV,2045,2128.0,0,43.0,1521.0,-7.0,0.1,22.5,0.1,9.38,1.0
2018-01-07,OH,5589,DAB,FL,CLT,NC,1519,1539.0,0,20.0,416.0,12.5,0.0,18.0,0.4,9.88,1.0
2018-01-07,WN,3808,EWR,NJ,DEN,CO,1010,1030.0,0,20.0,1605.0,-12.0,0.0,13.88,0.0,10.0,1.0
2018-01-07,DL,90,MIA,FL,ATL,GA,1534,1600.0,0,26.0,594.0,17.0,0.0,22.25,0.4,9.88,1.0
2018-01-07,DL,453,JFK,NY,LAS,NV,1945,2159.0,0,134.0,2248.0,-10.5,0.0,19.25,0.0,10.0,1.0
2018-01-07,OH,5486,CLT,NC,FAY,NC,1820,1835.0,0,15.0,118.0,-5.0,0.0,5.25,0.0,10.0,1.0
2018-01-07,WN,3715,MDW,IL,LAX,CA,920,1100.0,0,100.0,1750.0,-7.0,0.1,22.5,0.1,9.38,1.0
2018-01-07,F9,825,MCI,MO,DEN,CO,2009,2057.0,0,48.0,533.0,0.0,0.0,14.25,2.5,7.75,1.0
2018-01-07,MQ,3473,LGA,NY,GSO,NC,1929,2012.0,0,43.0,461.0,-12.0,0.0,15.63,0.0,10.0,1.0
2018-01-07,UA,1782,BOI,ID,DEN,CO,653,742.0,0,49.0,649.0,1.5,0.0,7.13,0.0,10.0,1.0
2018-01-07,WN,3429,DAL,TX,SMF,CA,1510,1553.0,0,43.0,1442.0,12.5,0.0,19.5,5.0,6.38,1.0
2018-01-07,B6,2601,BUF,NY,JFK,NY,1703,1840.0,0,97.0,301.0,-12.0,0.0,17.88,0.0,8.0,1.0
2018-01-07,WN,4721,PHL,PA,PHX,AZ,1610,1628.0,0,18.0,2075.0,-12.5,0.0,8.63,0.0,10.0,1.0
2018-01-08,B6,1615,BOS,MA,BUF,NY,2054,2111.0,0,17.0,395.0,-4.5,0.0,14.75,0.0,10.0,1.0
2018-01-08,WN,1310,MDW,IL,AUS,TX,840,1054.0,0,134.0,972.0,-0.5,0.0,15.38,0.1,10.0,1.0
2018-01-08,UA,1815,IAH,TX,SFO,CA,1235,1352.0,0,77.0,1635.0,14.5,0.0,15.75,1.9,8.0,1.0
2018-01-08,AA,1302,FLL,FL,DFW,TX,1140,1202.0,0,22.0,1119.0,21.0,0.0,21.88,3.2,9.5,1.0
2018-01-08,OO,5643,ORD,IL,BHM,AL,2055,2151.0,0,56.0,584.0,-0.5,0.1,13.88,0.2,9.38,1.0
2018-01-08,DL,782,DTW,MI,RDU,NC,1010,1103.0,0,53.0,501.0,-0.5,1.7,20.5,2.0,8.0,1.0
2018-01-08,WN,232,MCO,FL,IND,IN,1250,1309.0,0,19.0,829.0,17.0,0.0,10.0,0.2,10.0,1.0
2018-01-08,AA,524,TPA,FL,DCA,VA,1829,1947.0,0,78.0,814.0,17.5,0.0,14.5,0.0,10.0,1.0
2018-01-08,NK,664,FLL,FL,BDL,CT,1605,1640.0,0,35.0,1173.0,21.0,0.0,21.88,3.2,9.5,1.0
2018-01-08,YV,6251,MCI,MO,IAH,TX,1445,1739.0,0,174.0,643.0,3.0,0.0,9.5,0.0,10.0,1.0
2018-01-08,UA,1245,EWR,NJ,ATL,GA,1800,1818.0,0,18.0,746.0,-5.0,0.0,15.88,0.5,8.38,1.0
2018-01-08,B6,1472,FLL,FL,LGA,NY,2037,2052.0,0,15.0,1076.0,21.0,0.0,21.88,3.2,9.5,1.0
2018-01-08,DL,2487,ATL,GA,EWR,NJ,1037,1140.0,0,63.0,746.0,0.5,0.0,10.25,3.7,6.5,1.0
2018-01-08,OO,4962,ATL,GA,SHV,LA,1927,1951.0,0,24.0,551.0,0.5,0.0,10.25,3.7,6.5,1.0
2018-01-08,WN,593,SLC,UT,PHX,AZ,2215,2252.0,0,37.0,507.0,3.0,0.0,10.13,0.8,9.88,1.0
2018-01-08,MQ,3520,SDF,KY,ORD,IL,1107,1142.0,0,35.0,286.0,2.0,0.0,10.88,3.4,6.38,1.0
2018-01-08,DL,1964,ATL,GA,JAX,FL,1634,1713.0,0,39.0,270.0,0.5,0.0,10.25,3.7,6.5,1.0
2018-01-08,MQ,3651,SYR,NY,ORD,IL,1135,1241.0,0,66.0,607.0,-2.0,0.5,20.38,2.9,7.13,1.0
2018-01-08,AA,1081,DFW,TX,SAN,CA,1040,1200.0,0,80.0,1171.0,10.5,0.0,15.0,0.0,10.0,1.0
2018-01-08,WN,505,ORF,VA,BWI,MD,1210,1226.0,0,16.0,159.0,-2.0,0.0,16.75,0.0,10.0,1.0
2018-01-08,OO,4550,IDA,ID,SLC,UT,1250,1344.0,0,54.0,188.0,-2.5,0.0,4.63,0.0,10.0,1.0
2018-01-08,WN,1249,MDW,IL,MCI,MO,1545,1613.0,0,28.0,405.0,-0.5,0.0,15.38,0.1,10.0,1.0
2018-01-08,WN,1597,MDW,IL,SFO,CA,840,908.0,0,28.0,1855.0,-0.5,0.0,15.38,0.1,10.0,1.0
2018-01-08,OO,3198,ORD,IL,CLE,OH,1719,1845.0,0,86.0,316.0,-0.5,0.1,13.88,0.2,9.38,1.0
2018-01-08,WN,658,PBI,FL,ISP,NY,1635,1652.0,0,17.0,1052.0,20.5,0.0,23.25,0.1,10.0,1.0
2018-01-08,WN,1796,MKE,WI,PHX,AZ,1755,1903.0,0,68.0,1460.0,-1.0,0.0,18.63,0.4,9.13,1.0
2018-01-08,UA,292,SFO,CA,MCO,FL,1320,1337.0,0,17.0,2446.0,12.5,0.0,11.5,19.2,8.5,1.0
2018-01-08,DL,903,ATL,GA,BOS,MA,2225,2353.0,0,88.0,946.0,0.5,0.0,10.25,3.7,6.5,1.0
2018-01-08,VX,1780,SEA,WA,LAX,CA,700,753.0,0,53.0,954.0,6.5,0.0,2.88,0.0,4.0,1.0
2018-01-08,YV,5988,DAY,OH,DFW,TX,1050,1109.0,0,19.0,861.0,-0.5,0.0,19.13,2.1,8.88,1.0
2018-01-08,OO,4598,AUS,TX,DTW,MI,1710,1833.0,0,83.0,1149.0,13.5,0.0,18.13,0.0,10.0,1.0
2018-01-08,UA,1802,EWR,NJ,CLE,OH,1900,2110.0,0,130.0,404.0,-5.0,0.0,15.88,0.5,8.38,1.0
2018-01-08,AA,1460,DFW,TX,DCA,VA,1000,1030.0,0,30.0,1192.0,10.5,0.0,15.0,0.0,10.0,1.0
2018-01-08,EV,5511,CLT,NC,LGA,NY,1800,2046.0,0,166.0,544.0,-1.0,0.0,3.88,0.1,10.0,1.0
2018-01-08,F9,1795,ISP,NY,MIA,FL,2015,2040.0,0,25.0,1113.0,-2.0,0.0,28.13,1.6,9.88,1.0
2018-01-08,UA,1597,SFO,CA,LAX,CA,2018,2041.0,0,23.0,337.0,12.5,0.0,11.5,19.2,8.5,1.0
2018-01-08,B6,2009,BOS,MA,JAX,FL,2048,2254.0,0,126.0,1010.0,-4.5,0.0,14.75,0.0,10.0,1.0
2018-01-09,EV,4159,BOS,MA,CLE,OH,1850,2000.0,0,70.0,563.0,-1.0,0.0,12.5,0.0,10.0,1.0
2018-01-09,WN,1121,SNA,CA,OAK,CA,920,935.0,0,15.0,371.0,14.5,0.0,20.38,3.0,9.75,1.0
2018-01-09,WN,1082,SAN,CA,SJC,CA,950,1122.0,0,92.0,417.0,15.5,0.0,26.75,9.6,9.5,1.0
2018-01-09,OH,5047,PIT,PA,DCA,VA,1156,1307.0,0,71.0,204.0,-1.0,0.0,6.88,0.0,9.0,1.0
2018-01-09,AA,2565,CLT,NC,MIA,FL,1155,1225.0,0,30.0,650.0,8.5,0.0,4.25,0.0,6.0,1.0
2018-01-09,OH,5476,DCA,VA,MEM,TN,1555,1825.0,0,150.0,762.0,2.0,0.0,5.25,0.0,7.75,1.0
2018-01-09,OO,7411,PLN,MI,DTW,MI,1347,1448.0,0,61.0,243.0,-5.5,0.0,7.88,0.0,10.0,1.0
2018-01-09,NK,240,SJU,PR,FLL,FL,1729,1842.0,0,73.0,1046.0,26.0,0.0,22.0,0.9,10.0,1.0
2018-01-09,OO,5395,FAT,CA,SFO,CA,1716,2019.0,0,183.0,158.0,12.5,0.0,10.0,3.0,9.25,1.0
2018-01-09,UA,2047,BOS,MA,EWR,NJ,1907,1944.0,0,37.0,200.0,-1.0,0.0,12.5,0.0,10.0,1.0
2018-01-09,WN,640,BWI,MD,DEN,CO,1330,1345.0,0,15.0,1491.0,2.0,0.0,7.38,0.0,9.0,1.0
2018-01-09,OH,5458,DCA,VA,GSP,SC,1951,2057.0,0,66.0,396.0,2.0,0.0,5.25,0.0,7.75,1.0
2018-01-09,VX,1478,LAX,CA,LAS,NV,915,1049.0,0,94.0,236.0,14.5,0.0,18.38,9.9,9.38,1.0
2018-01-09,VX,1486,LAX,CA,LAS,NV,1245,1504.0,0,139.0,236.0,14.5,0.0,18.38,9.9,9.38,1.0
2018-01-09,9E,4095,JFK,NY,ORF,VA,1455,1653.0,0,118.0,290.0,2.0,0.0,21.0,0.0,10.0,1.0
2018-01-09,B6,127,EWR,NJ,MCO,FL,1934,2026.0,0,52.0,937.0,1.0,0.0,13.88,0.0,10.0,1.0
2018-01-09,B6,823,DCA,VA,MCO,FL,1137,1316.0,0,99.0,759.0,2.0,0.0,5.25,0.0,7.75,1.0
2018-01-09,WN,286,PHX,AZ,HOU,TX,1915,2049.0,0,94.0,1020.0,20.5,0.0,16.13,1.3,10.0,1.0
2018-01-09,B6,495,HPN,NY,MCO,FL,1412,1440.0,0,28.0,972.0,1.0,0.0,15.5,0.0,10.0,1.0
2018-01-09,OO,5968,SFO,CA,BUR,CA,1830,2008.0,0,98.0,326.0,12.5,0.0,17.63,6.2,8.63,1.0
2018-01-09,MQ,3269,CMI,IL,ORD,IL,1312,1354.0,0,42.0,135.0,-1.5,0.0,7.75,0.0,3.25,1.0
2018-01-09,UA,468,ORD,IL,DEN,CO,922,959.0,0,37.0,888.0,-1.5,0.0,6.88,0.0,8.0,1.0
2018-01-09,EV,4262,EWR,NJ,BGR,ME,1955,2147.0,0,112.0,393.0,1.0,0.0,13.88,0.0,10.0,1.0
2018-01-09,WN,64,HOU,TX,DAL,TX,2200,2334.0,0,94.0,239.0,12.0,0.0,7.63,0.0,10.0,1.0
2018-01-09,YV,5793,PHX,AZ,SBP,CA,1456,1515.0,0,19.0,509.0,20.5,0.0,16.13,1.3,10.0,1.0
2018-01-09,EV,5499,LGA,NY,RDU,NC,1429,1507.0,0,38.0,431.0,1.0,0.0,16.5,0.0,10.0,1.0
2018-01-09,OO,4694,ATL,GA,BTR,LA,855,1117.0,0,142.0,448.0,9.0,0.0,7.0,0.0,3.0,1.0
2018-01-09,UA,1847,ORD,IL,RDU,NC,600,620.0,0,20.0,646.0,-1.5,0.0,6.88,0.0,8.0,1.0
2018-01-10,WN,806,MDW,IL,PHX,AZ,910,940.0,0,30.0,1444.0,4.0,0.0,21.75,0.1,10.0,1.0
2018-01-10,VX,1899,LAX,CA,SFO,CA,1121,1147.0,0,26.0,337.0,15.0,0.0,6.63,0.0,10.0,1.0
2018-01-10,YV,5793,SBP,CA,PHX,AZ,1620,1709.0,0,49.0,509.0,12.5,0.0,12.5,0.0,10.0,1.0
2018-01-10,WN,655,BWI,MD,TPA,FL,1145,1346.0,0,121.0,842.0,1.0,0.0,7.25,0.0,10.0,1.0
2018-01-10,AA,497,PHX,AZ,SJC,CA,2112,2149.0,0,37.0,621.0,14.0,0.0,10.75,0.0,10.0,1.0
2018-01-10,OO,5352,ORD,IL,SYR,NY,1335,1407.0,0,32.0,607.0,3.5,0.0,19.25,0.1,10.0,1.0
2018-01-10,OO,4630,MSP,MN,LNK,NE,1505,1525.0,0,20.0,331.0,0.5,0.0,15.88,0.0,7.0,1.0
2018-01-10,OH,5503,LIT,AR,CLT,NC,1810,1856.0,0,46.0,640.0,10.5,0.0,9.13,0.5,3.75,1.0
2018-01-10,VX,1927,LAX,CA,SFO,CA,1005,1120.0,0,75.0,337.0,15.0,0.0,6.63,0.0,10.0,1.0
2018-01-10,DL,825,PBI,FL,LGA,NY,1858,1928.0,0,30.0,1035.0,22.5,0.0,9.13,5.0,9.25,1.0
2018-01-10,B6,162,SMF,CA,JFK,NY,2350,41.0,0,51.0,2521.0,11.5,0.0,8.88,0.0,10.0,1.0
2018-01-10,OO,5800,RDM,OR,SFO,CA,2015,2146.0,0,91.0,462.0,2.5,0.0,6.63,0.1,10.0,1.0
2018-01-10,EV,4368,STL,MO,EWR,NJ,1705,1833.0,0,88.0,872.0,7.5,0.0,17.63,0.1,8.75,1.0
2018-01-10,EV,5451,GSO,NC,LGA,NY,1128,1207.0,0,39.0,461.0,9.0,0.0,6.38,0.0,6.75,1.0
2018-01-10,B6,490,MCO,FL,JFK,NY,936,1001.0,0,25.0,944.0,21.0,0.0,9.88,4.9,8.63,1.0
2018-01-10,OO,4611,SLC,UT,DEN,CO,1546,1737.0,0,111.0,391.0,3.0,0.0,11.88,0.0,9.0,1.0
2018-01-10,OO,2931,PIA,IL,ORD,IL,1823,2122.0,0,179.0,130.0,5.5,0.0,24.75,0.1,10.0,1.0
2018-01-10,OO,3551,MSP,MN,SBN,IN,1940,2002.0,0,22.0,411.0,0.5,0.0,15.88,0.0,7.0,1.0
2018-01-10,NK,152,PBI,FL,ACY,NJ,1652,1838.0,0,106.0,936.0,22.5,0.0,9.13,5.0,9.25,1.0
2018-01-11,MQ,3402,FAR,ND,DFW,TX,650,1732.0,0,642.0,968.0,-22.0,0.0,26.5,0.5,8.75,1.0
2018-01-11,WN,2071,PHX,AZ,DAL,TX,1150,1206.0,0,16.0,879.0,15.5,0.0,2.63,0.0,10.0,1.0
2018-01-11,MQ,3610,ORD,IL,CMH,OH,1845,1902.0,0,17.0,296.0,5.0,0.1,19.63,0.3,7.38,1.0
2018-01-11,EV,5542,ABE,PA,ATL,GA,1755,1835.0,0,40.0,692.0,3.5,0.0,6.13,0.0,1.0,1.0
2018-01-11,OO,4694,BTR,LA,ATL,GA,1005,1211.0,0,126.0,448.0,17.0,0.0,8.5,1.3,6.0,1.0
2018-01-11,WN,969,LAX,CA,OAK,CA,2205,2341.0,0,96.0,337.0,16.0,0.0,4.13,0.0,10.0,1.0
2018-01-11,WN,538,ABQ,NM,PHX,AZ,1800,1836.0,0,36.0,328.0,4.0,0.0,21.63,0.0,10.0,1.0
2018-01-11,OO,3521,CHA,TN,ATL,GA,1200,1404.0,0,124.0,106.0,14.5,0.0,7.13,0.7,3.75,1.0
2018-01-11,B6,1833,BOS,MA,SFO,CA,1040,1148.0,0,68.0,2704.0,4.5,0.0,13.5,0.0,8.0,1.0
2018-01-11,WN,6016,PHX,AZ,LAS,NV,2115,2133.0,0,18.0,255.0,15.5,0.0,2.63,0.0,10.0,1.0
2018-01-11,OO,5440,PSP,CA,SFO,CA,1830,1415.0,0,1185.0,421.0,12.0,0.0,7.63,0.0,10.0,1.0
2018-01-11,OO,4957,SFO,CA,SEA,WA,1030,1058.0,0,28.0,679.0,13.5,0.0,4.38,0.0,10.0,1.0
2018-01-11,WN,1948,DAL,TX,STL,MO,1550,1605.0,0,15.0,546.0,7.5,0.0,29.38,0.0,10.0,1.0
2018-01-11,9E,3740,LEX,KY,ATL,GA,1959,2015.0,0,16.0,304.0,14.0,0.0,15.25,1.2,9.88,1.0
2018-01-11,AA,1047,SFO,CA,ORD,IL,1630,1646.0,0,16.0,1846.0,13.5,0.0,4.38,0.0,10.0,1.0
2018-01-11,F9,297,TPA,FL,DEN,CO,1705,2030.0,0,205.0,1506.0,21.5,0.0,7.88,0.0,10.0,1.0
2018-01-11,AA,2361,DFW,TX,BWI,MD,1315,1330.0,0,15.0,1217.0,7.5,0.0,28.25,0.0,10.0,1.0
2018-01-11,WN,32,HOU,TX,DAL,TX,1400,1708.0,0,188.0,239.0,13.0,0.0,15.5,0.0,9.88,1.0
2018-01-11,MQ,3636,DFW,TX,TXK,AR,1710,1732.0,0,22.0,181.0,7.5,0.0,28.25,0.0,10.0,1.0
2018-01-11,OH,5115,DAY,OH,CLT,NC,1357,1445.0,0,48.0,370.0,11.0,0.0,19.63,0.2,10.0,1.0
2018-01-11,DL,1250,ATL,GA,MCI,MO,1205,1230.0,0,25.0,692.0,13.0,0.0,10.75,1.2,4.75,1.0
2018-01-11,AA,134,MIA,FL,SEA,WA,1955,2031.0,0,36.0,2724.0,23.0,0.0,13.0,2.1,9.88,1.0
2018-01-11,AA,179,JFK,NY,SFO,CA,1100,1158.0,0,58.0,2586.0,5.5,0.0,10.25,0.0,5.75,1.0
2018-01-11,DL,1267,ATL,GA,JAN,MS,1500,1518.0,0,18.0,341.0,13.0,0.0,10.75,1.2,4.75,1.0
2018-01-11,OO,4542,SFO,CA,SLC,UT,1315,1406.0,0,51.0,599.0,13.5,0.0,4.38,0.0,10.0,1.0
2018-01-12,AA,2259,BNA,TN,DFW,TX,1910,2000.0,1,50.0,631.0,5.0,0.6,19.63,0.8,8.0,1.0
2018-01-12,B6,1790,DCA,VA,BOS,MA,2004,2302.0,1,178.0,399.0,15.5,0.0,11.88,1.8,5.88,1.0
2018-01-12,WN,2045,OAK,CA,LAX,CA,1610,1652.0,1,42.0,337.0,12.5,0.0,3.63,0.0,10.0,1.0
2018-01-12,B6,889,DCA,VA,CHS,SC,1859,2140.0,1,161.0,444.0,15.5,0.0,11.88,1.8,5.88,1.0
2018-01-12,WN,996,STL,MO,BOS,MA,825,852.0,1,27.0,1047.0,-8.5,0.0,24.63,0.1,8.75,1.0
2018-01-12,YX,4582,DCA,VA,MSY,LA,1515,1652.0,1,97.0,969.0,15.5,0.0,11.88,1.8,5.88,1.0
2018-01-12,OO,3556,LAX,CA,TUS,AZ,1444,1502.0,1,18.0,451.0,18.5,0.0,5.25,0.0,10.0,1.0
2018-01-12,DL,504,ATL,GA,EWR,NJ,1938,2100.0,1,82.0,746.0,6.5,0.0,14.88,3.2,6.38,1.0
2018-01-12,WN,369,HOU,TX,ECP,FL,1650,1735.0,1,45.0,571.0,5.0,0.0,25.13,0.0,10.0,1.0
2018-01-12,DL,2524,ATL,GA,LGA,NY,1230,1507.0,1,157.0,762.0,6.5,0.0,14.88,3.2,6.38,1.0
2018-01-12,UA,1652,EWR,NJ,BNA,TN,2021,2332.0,1,191.0,748.0,10.0,0.0,18.63,6.5,5.75,1.0
2018-01-12,AA,238,DCA,VA,MIA,FL,1745,1823.0,1,38.0,919.0,15.5,0.0,11.88,1.8,5.88,1.0
2018-01-12,DL,1731,ATL,GA,TUL,OK,1045,1104.0,1,19.0,674.0,6.5,0.0,14.88,3.2,6.38,1.0
2018-01-12,AA,604,LGA,NY,CLT,NC,1015,1038.0,1,23.0,544.0,9.0,0.0,20.75,0.5,6.5,1.0
2018-01-12,UA,1906,EWR,NJ,PBI,FL,1933,1951.0,1,18.0,1023.0,10.0,0.0,18.63,6.5,5.75,1.0
2018-01-12,WN,6165,IND,IN,FLL,FL,1635,1721.0,1,46.0,1005.0,-2.5,0.0,28.38,1.2,7.75,1.0
2018-01-12,DL,1740,MSP,MN,TPA,FL,900,939.0,1,39.0,1306.0,-20.5,0.0,12.63,0.0,10.0,1.0
2018-01-12,OO,5122,ORD,IL,MBS,MI,1710,1752.0,1,42.0,222.0,-6.0,0.2,25.38,0.4,8.38,1.0
2018-01-12,OO,4943,BNA,TN,DTW,MI,635,650.0,1,15.0,456.0,5.0,0.6,19.63,0.8,8.0,1.0
2018-01-12,AS,315,SFO,CA,SEA,WA,1435,1703.0,1,148.0,679.0,13.0,0.0,6.25,0.0,10.0,1.0
2018-01-12,OH,5623,PIT,PA,CLT,NC,1343,1420.0,1,37.0,366.0,4.5,0.0,13.13,12.6,4.5,1.0
2018-01-12,DL,751,ATL,GA,GRR,MI,1054,1132.0,1,38.0,640.0,6.5,0.0,14.88,3.2,6.38,1.0
2018-01-12,EV,4097,IND,IN,EWR,NJ,1336,1643.0,1,187.0,645.0,-2.5,0.0,28.38,1.2,7.75,1.0
2018-01-12,DL,1159,BUF,NY,ATL,GA,1540,1640.0,1,60.0,712.0,2.0,0.9,22.0,1.1,9.75,1.0
2018-01-12,MQ,3723,ORD,IL,CWA,WI,1145,1223.0,1,38.0,213.0,-6.0,0.2,25.38,0.4,8.38,1.0
2018-01-12,WN,6046,HOU,TX,BWI,MD,1430,1515.0,1,45.0,1246.0,5.0,0.0,25.13,0.0,10.0,1.0
2018-01-12,OH,5473,TYS,TN,PHL,PA,1521,1718.0,1,117.0,554.0,6.0,0.4,8.0,9.8,6.0,1.0
2018-01-12,MQ,3358,ATL,GA,ORD,IL,1110,1143.0,1,33.0,606.0,6.5,0.0,14.88,3.2,6.38,1.0
2018-01-12,UA,2062,EWR,NJ,BOS,MA,2154,2250.0,1,56.0,200.0,10.0,0.0,18.63,6.5,5.75,1.0
2018-01-12,AS,734,SEA,WA,BNA,TN,730,752.0,1,22.0,1978.0,8.5,0.0,12.0,1.2,6.0,1.0
2018-01-12,DL,1968,DTW,MI,BWI,MD,2214,2246.0,1,32.0,409.0,0.5,0.0,25.5,8.31,5.88,1.0
2018-01-12,AA,889,DFW,TX,PHX,AZ,2215,2233.0,1,18.0,868.0,0.5,0.0,19.63,0.0,10.0,1.0
2018-01-12,MQ,3279,DFW,TX,SGF,MO,1850,1959.0,1,69.0,364.0,0.5,0.0,19.63,0.0,10.0,1.0
2018-01-12,AA,2104,IAH,TX,CLT,NC,840,858.0,1,18.0,912.0,4.0,0.0,21.88,0.0,10.0,1.0
2018-01-12,AS,288,SEA,WA,SNA,CA,600,629.0,1,29.0,978.0,8.5,0.0,12.0,1.2,6.0,1.0
2018-01-12,DL,1135,ATL,GA,ORF,VA,1950,2032.0,1,42.0,516.0,6.5,0.0,14.88,3.2,6.38,1.0
2018-01-12,DL,2067,ATL,GA,MEM,TN,1753,1830.0,1,37.0,332.0,6.5,0.0,14.88,3.2,6.38,1.0
2018-01-12,WN,197,BWI,MD,LAX,CA,1905,1958.0,1,53.0,2329.0,13.0,0.0,17.25,1.4,8.88,1.0
2018-01-12,9E,3958,STL,MO,LGA,NY,600,628.0,1,28.0,888.0,-8.5,0.0,24.63,0.1,8.75,1.0
2018-01-12,AA,2019,BNA,TN,CLT,NC,1247,1556.0,1,189.0,328.0,5.0,0.6,19.63,0.8,8.0,1.0
2018-01-12,WN,714,FLL,FL,PIT,PA,1505,1551.0,1,46.0,994.0,24.5,0.0,20.63,2.0,9.88,1.0
2018-01-12,OH,5488,CLT,NC,CHO,VA,1609,1856.0,1,167.0,245.0,15.0,0.0,14.38,0.4,8.38,1.0
2018-01-12,UA,2015,EWR,NJ,ORD,IL,1838,1855.0,1,17.0,719.0,10.0,0.0,18.63,6.5,5.75,1.0
2018-01-12,DL,845,PBI,FL,ATL,GA,1220,1318.0,1,58.0,545.0,23.5,0.0,20.88,2.7,9.63,1.0
2018-01-12,DL,401,SFO,CA,JFK,NY,830,920.0,1,50.0,2586.0,13.0,0.0,6.25,0.0,10.0,1.0
2018-01-12,B6,65,JFK,NY,ABQ,NM,1958,2027.0,1,29.0,1826.0,9.0,0.0,25.13,2.4,9.88,1.0
2018-01-13,9E,3768,ATL,GA,BMI,IL,1205,1225.0,1,20.0,533.0,0.0,0.0,20.63,0.0,10.0,1.0
2018-01-13,AA,1352,MIA,FL,LAX,CA,700,715.0,1,15.0,2342.0,20.5,0.0,15.5,0.0,10.0,1.0
2018-01-13,WN,6156,PHX,AZ,EWR,NJ,1025,1058.0,1,33.0,2133.0,19.0,0.0,8.0,0.0,10.0,1.0
2018-01-13,UA,466,LIH,HI,LAX,CA,1400,1553.0,1,113.0,2615.0,22.0,0.0,5.88,0.1,10.0,1.0
2018-01-13,WN,3924,MEM,TN,HOU,TX,530,600.0,1,30.0,484.0,-5.5,0.0,14.0,0.0,10.0,1.0
2018-01-13,WN,2625,SFO,CA,BUR,CA,830,1027.0,1,117.0,326.0,13.5,0.0,9.88,0.0,10.0,1.0
2018-01-13,EV,4274,EWR,NJ,CHS,SC,855,913.0,1,18.0,628.0,3.5,0.0,25.75,1.5,9.88,1.0
2018-01-13,WN,5853,TPA,FL,LAS,NV,1600,1623.0,1,23.0,1984.0,13.5,0.0,20.75,0.1,10.0,1.0
2018-01-13,OH,5539,AGS,GA,CLT,NC,1112,1139.0,1,27.0,140.0,5.0,0.0,17.38,0.0,10.0,1.0
2018-01-13,WN,4251,TPA,FL,FLL,FL,1710,1755.0,1,45.0,197.0,13.5,0.0,20.75,0.1,10.0,1.0
2018-01-13,YX,4524,PHL,PA,PVD,RI,830,857.0,1,27.0,237.0,5.0,0.0,20.63,0.0,10.0,1.0
2018-01-13,UA,1543,EWR,NJ,SJU,PR,2006,2021.0,1,15.0,1608.0,3.5,0.0,25.75,1.5,9.88,1.0
2018-01-13,9E,3418,TPA,FL,JFK,NY,1159,1241.0,1,42.0,1005.0,13.5,0.0,20.75,0.1,10.0,1.0
2018-01-13,AA,608,DFW,TX,ATL,GA,1645,1905.0,1,140.0,731.0,2.5,0.0,10.75,0.0,10.0,1.0
2018-01-13,OH,5512,CLT,NC,MOB,AL,1310,1441.0,1,91.0,526.0,4.0,0.0,14.38,0.0,10.0,1.0
2018-01-13,MQ,3970,ORD,IL,MSN,WI,840,908.0,1,28.0,108.0,-11.5,0.0,13.75,0.0,10.0,1.0
2018-01-13,YX,4629,DCA,VA,BUF,NY,737,800.0,1,23.0,296.0,5.0,0.1,21.5,0.1,8.38,1.0
2018-01-13,AS,989,GEG,WA,SEA,WA,1431,1516.0,1,45.0,224.0,3.0,0.0,6.38,0.8,2.5,1.0
2018-01-13,WN,3572,DEN,CO,HOU,TX,1955,2015.0,1,20.0,883.0,2.0,0.0,7.38,0.0,10.0,1.0
2018-01-13,OO,4662,AVP,PA,DTW,MI,550,1312.0,1,442.0,399.0,-6.0,9.1,21.5,10.6,9.75,1.0
2018-01-13,YX,4623,DCA,VA,ATL,GA,1359,1440.0,1,41.0,547.0,5.0,0.1,21.5,0.1,8.38,1.0
2018-01-13,YX,4438,DCA,VA,PHL,PA,1545,1619.0,1,34.0,119.0,5.0,0.1,21.5,0.1,8.38,1.0
2018-01-13,AA,1988,ALB,NY,CLT,NC,1440,1456.0,1,16.0,646.0,-5.5,0.8,18.13,6.7,8.63,1.0
2018-01-13,WN,5766,SJC,CA,SEA,WA,1600,1617.0,1,17.0,696.0,14.5,0.0,5.63,0.0,10.0,1.0
2018-01-13,WN,3967,TPA,FL,DCA,VA,1215,1247.0,1,32.0,814.0,13.5,0.0,20.75,0.1,10.0,1.0
2018-01-14,9E,4093,JFK,NY,ORD,IL,1059,1133.0,1,34.0,740.0,-6.0,0.0,22.5,0.0,10.0,1.0
2018-01-14,UA,1115,IAH,TX,PHX,AZ,1935,2032.0,1,57.0,1009.0,6.0,0.0,9.13,0.0,10.0,1.0
2018-01-14,WN,2773,SJU,PR,BWI,MD,1435,1602.0,1,87.0,1565.0,25.5,0.0,22.63,0.6,9.88,1.0
2018-01-14,AA,290,BDL,CT,MIA,FL,545,854.0,1,189.0,1194.0,-9.0,0.0,12.75,0.0,10.0,1.0
2018-01-14,MQ,3408,ORD,IL,CMH,OH,2005,2020.0,1,15.0,296.0,-9.5,0.8,12.0,0.9,9.0,1.0
2018-01-14,OO,3030,LAX,CA,RDM,OR,1331,1412.0,1,41.0,726.0,21.0,0.0,6.0,0.0,10.0,1.0
2018-01-14,MQ,3546,DFW,TX,ICT,KS,1040,1144.0,1,64.0,328.0,5.5,0.0,12.0,0.0,10.0,1.0
2018-01-14,MQ,3377,BWI,MD,ORD,IL,1504,1520.0,1,16.0,622.0,-6.5,0.0,15.75,0.0,10.0,1.0
2018-01-14,OO,5671,DEN,CO,COS,CO,1910,1926.0,1,16.0,73.0,4.5,0.0,8.5,0.0,10.0,1.0
2018-01-14,F9,418,DEN,CO,ATL,GA,619,634.0,1,15.0,1199.0,4.5,0.0,8.5,0.0,10.0,1.0
2018-01-14,WN,4808,MCO,FL,HOU,TX,1125,1158.0,1,33.0,849.0,10.0,0.0,15.25,0.0,10.0,1.0
2018-01-14,AA,2759,ORD,IL,RSW,FL,1510,1633.0,1,83.0,1120.0,-9.5,0.8,12.0,0.9,9.0,1.0
2018-01-15,9E,3652,ATL,GA,CRW,WV,1745,1906.0,1,81.0,363.0,3.0,0.0,5.63,0.0,10.0,1.0
2018-01-15,UA,810,DCA,VA,ORD,IL,1049,1115.0,1,26.0,612.0,-4.5,0.0,6.0,0.0,10.0,1.0
2018-01-15,B6,1052,SJU,PR,TPA,FL,1149,1210.0,1,21.0,1237.0,25.5,0.0,17.13,0.0,10.0,1.0
2018-01-15,DL,1437,MIA,FL,LGA,NY,1508,1548.0,1,40.0,1096.0,17.5,0.0,23.13,1.3,10.0,1.0
2018-01-15,WN,1424,SAN,CA,RNO,NV,625,642.0,1,17.0,488.0,17.5,0.0,4.63,0.0,10.0,1.0
2018-01-15,YV,5851,DFW,TX,BRO,TX,1535,1552.0,1,17.0,482.0,6.0,0.0,17.38,0.5,7.75,1.0
2018-01-15,B6,706,FLL,FL,EWR,NJ,1900,2028.0,1,88.0,1065.0,17.5,0.0,25.63,1.7,10.0,1.0
2018-01-15,OO,5839,ORD,IL,ASE,CO,905,928.0,1,23.0,1013.0,-8.5,1.1,15.63,1.4,6.38,1.0
2018-01-15,EV,4422,LIT,AR,ORD,IL,646,706.0,1,20.0,552.0,3.0,0.5,11.75,0.6,9.0,1.0
2018-01-15,AA,680,PHX,AZ,DCA,VA,1356,1425.0,1,29.0,1979.0,18.5,0.0,5.38,0.0,10.0,1.0
2018-01-15,9E,3286,ATL,GA,AEX,LA,1310,1400.0,1,50.0,500.0,3.0,0.0,5.63,0.0,10.0,1.0
2018-01-15,AA,2357,ORD,IL,PIT,PA,835,903.0,1,28.0,413.0,-8.5,1.1,15.63,1.4,6.38,1.0
2018-01-15,UA,2403,ORD,IL,GRR,MI,1402,1419.0,1,17.0,137.0,-8.5,1.1,15.63,1.4,6.38,1.0
2018-01-15,OO,5912,LNK,NE,DEN,CO,1250,1305.0,1,15.0,423.0,-12.5,0.0,25.38,0.0,10.0,1.0
2018-01-15,B6,993,BOS,MA,DEN,CO,1937,2027.0,1,50.0,1754.0,-8.0,0.1,15.25,0.1,9.38,1.0
2018-01-15,AA,2269,BDL,CT,ORD,IL,724,758.0,1,34.0,783.0,-9.5,0.0,9.88,0.0,10.0,1.0
2018-01-15,MQ,3420,ORD,IL,COU,MO,1020,1116.0,1,56.0,315.0,-8.5,1.1,15.63,1.4,6.38,1.0
2018-01-15,G4,672,SFB,FL,PSM,NH,1548,1614.0,1,26.0,1144.0,12.5,0.0,15.5,0.0,10.0,1.0
2018-01-15,OH,5623,PIT,PA,CLT,NC,1343,1403.0,1,20.0,366.0,-7.5,0.5,8.63,0.5,8.0,1.0
2018-01-15,YX,4442,ATL,GA,LGA,NY,2021,2038.0,1,17.0,762.0,3.0,0.0,5.63,0.0,10.0,1.0
2018-01-15,UA,912,EWR,NJ,SFO,CA,1251,1307.0,1,16.0,2565.0,-5.0,0.0,14.88,0.0,10.0,1.0
2018-01-15,EV,4295,IAH,TX,CMH,OH,1220,1243.0,1,23.0,986.0,11.5,0.0,10.13,0.1,10.0,1.0
2018-01-15,9E,3513,PIT,PA,MSP,MN,1719,1754.0,1,35.0,726.0,-7.5,0.5,8.63,0.5,8.0,1.0
2018-01-15,G4,676,SFB,FL,FNT,MI,1441,1550.0,1,69.0,988.0,12.5,0.0,15.5,0.0,10.0,1.0
2018-01-15,OH,5030,DTW,MI,CLT,NC,1701,1722.0,1,21.0,500.0,-8.0,0.3,13.0,0.3,9.0,1.0
2018-01-15,OH,5020,DCA,VA,HSV,AL,1659,1730.0,1,31.0,613.0,-4.5,0.0,6.0,0.0,10.0,1.0
2018-01-15,WN,5808,MEM,TN,HOU,TX,1935,1953.0,1,18.0,484.0,0.0,0.4,11.38,0.5,9.0,1.0
2018-01-15,WN,157,MDW,IL,CVG,KY,2110,2133.0,1,23.0,249.0,-8.5,0.1,18.38,0.1,9.38,1.0
2018-01-15,AS,649,PHX,AZ,SEA,WA,2029,2055.0,1,26.0,1107.0,18.5,0.0,5.38,0.0,10.0,1.0
2018-01-15,DL,2666,BOS,MA,LGA,NY,800,1111.0,1,191.0,184.0,-8.0,0.1,15.25,0.1,9.38,1.0
2018-01-15,DL,2056,LGA,NY,FLL,FL,1755,2101.0,1,186.0,1076.0,-4.5,0.0,16.5,0.0,10.0,1.0
2018-01-15,AA,155,DCA,VA,ORD,IL,1007,1043.0,1,36.0,612.0,-4.5,0.0,6.0,0.0,10.0,1.0
2018-01-15,9E,3290,AZO,MI,MSP,MN,700,716.0,1,16.0,426.0,-8.0,0.6,16.5,0.7,6.75,1.0
2018-01-15,WN,595,RSW,FL,MKE,WI,845,901.0,1,16.0,1183.0,14.5,0.0,19.0,0.0,10.0,1.0
2018-01-15,WN,756,STL,MO,MCI,MO,1345,1400.0,1,15.0,237.0,-7.0,0.7,19.0,0.71,8.63,1.0
2018-01-15,DL,2463,ICT,KS,ATL,GA,1110,1810.0,1,420.0,782.0,-4.5,0.0,23.88,1.9,8.63,1.0
2018-01-15,WN,1370,ONT,CA,PHX,AZ,700,718.0,1,18.0,325.0,19.5,0.0,4.13,0.0,10.0,1.0
2018-01-15,VX,1174,SFO,CA,EWR,NJ,750,811.0,1,21.0,2565.0,13.5,0.0,4.38,0.0,10.0,1.0
2018-01-15,OO,3179,TUL,OK,ORD,IL,1224,1343.0,1,79.0,585.0,-3.0,0.0,20.63,0.1,8.75,1.0
2018-01-16,WN,563,DAL,TX,AUS,TX,2230,2248.0,0,18.0,189.0,-4.5,0.0,22.75,0.0,10.0,1.0
2018-01-16,DL,2564,ATL,GA,PBI,FL,1249,1356.0,0,67.0,545.0,4.0,0.3,8.63,0.3,9.0,1.0
2018-01-16,DL,1868,ATL,GA,AUS,TX,815,948.0,0,93.0,813.0,4.0,0.3,8.63,0.3,9.0,1.0
2018-01-16,WN,3,DAL,TX,HOU,TX,730,808.0,0,38.0,239.0,-4.5,0.0,22.75,0.0,10.0,1.0
2018-01-16,DL,2986,ATL,GA,IND,IN,913,931.0,0,18.0,432.0,4.0,0.3,8.63,0.3,9.0,1.0
2018-01-16,YV,5909,BUR,CA,PHX,AZ,650,710.0,0,20.0,369.0,17.0,0.0,3.0,0.0,10.0,1.0
2018-01-16,YX,5967,LGA,NY,ORD,IL,1015,1200.0,0,105.0,733.0,-1.0,0.0,6.88,0.0,10.0,1.0
2018-01-16,OO,3099,CID,IA,ORD,IL,1123,1454.0,0,211.0,196.0,-15.5,0.0,19.0,0.0,10.0,1.0
2018-01-16,DL,2312,ATL,GA,GPT,MS,855,955.0,0,60.0,352.0,4.0,0.3,8.63,0.3,9.0,1.0
2018-01-16,WN,433,DEN,CO,EWR,NJ,1110,1150.0,0,40.0,1605.0,-7.0,0.0,8.25,0.0,10.0,1.0
2018-01-16,OH,5664,DCA,VA,CLE,OH,1530,1650.0,0,80.0,310.0,0.0,0.0,4.0,0.0,10.0,1.0
2018-01-16,OO,7363,ABR,SD,MSP,MN,1309,1341.0,0,32.0,257.0,-19.0,0.0,11.38,0.0,10.0,1.0
2018-01-16,OO,5256,SFO,CA,MCI,MO,820,847.0,0,27.0,1499.0,14.0,0.0,3.88,0.5,8.0,1.0
2018-01-16,9E,3800,EWR,NJ,MSP,MN,1850,2010.0,0,80.0,1008.0,-1.5,0.1,6.0,0.3,9.0,1.0
2018-01-16,WN,25,BOS,MA,BWI,MD,1940,2035.0,0,55.0,369.0,-4.0,0.0,6.13,0.0,10.0,1.0
2018-01-16,OO,3149,CLE,OH,ORD,IL,1152,1229.0,0,37.0,316.0,-11.5,0.1,14.5,0.1,8.38,1.0
2018-01-16,MQ,3455,ORD,IL,CMH,OH,1329,1417.0,0,48.0,296.0,-9.0,0.7,14.88,0.71,8.0,1.0
2018-01-16,WN,757,DCA,VA,TPA,FL,900,1017.0,0,77.0,814.0,0.0,0.0,4.0,0.0,10.0,1.0
2018-01-17,NK,887,EWR,NJ,FLL,FL,2120,2245.0,0,85.0,1065.0,-2.0,2.0,14.0,3.4,8.25,1.0
2018-01-17,OH,5082,ILM,NC,CLT,NC,930,1028.0,0,58.0,185.0,6.0,2.3,9.38,2.8,9.0,1.0
2018-01-17,DL,882,ATL,GA,TUL,OK,822,916.0,0,54.0,674.0,-5.5,1.1,18.88,1.3,9.0,1.0
2018-01-17,WN,693,LIT,AR,DAL,TX,1015,1036.0,0,21.0,296.0,-7.5,0.0,6.25,0.0,10.0,1.0
2018-01-17,DL,1871,SAT,TX,ATL,GA,1755,2001.0,0,126.0,874.0,-0.5,0.0,10.75,0.0,10.0,1.0
2018-01-17,YX,4514,IND,IN,CLT,NC,1201,1419.0,0,138.0,427.0,-13.5,0.0,11.0,0.0,4.25,1.0
2018-01-17,AA,2019,BNA,TN,CLT,NC,1247,1459.0,0,132.0,328.0,-12.0,0.1,9.38,0.1,10.0,1.0
2018-01-17,WN,441,SAT,TX,STL,MO,1610,1704.0,0,54.0,786.0,-0.5,0.0,10.75,0.0,10.0,1.0
2018-01-17,YV,6095,IAH,TX,MFE,TX,1208,1344.0,0,96.0,316.0,-2.5,0.0,11.63,0.0,10.0,1.0
2018-01-17,EV,5574,ATL,GA,EYW,FL,1220,1530.0,0,190.0,646.0,-5.5,1.1,18.88,1.3,9.0,1.0
2018-01-17,AA,1921,CLT,NC,JAX,FL,2030,2057.0,0,27.0,328.0,-2.0,3.2,11.88,4.0,7.0,1.0
2018-01-17,WN,2086,ATL,GA,MSY,LA,1930,1950.0,0,20.0,425.0,-5.5,1.1,18.88,1.3,9.0,1.0
2018-01-17,WN,1234,DAL,TX,TUL,OK,2200,2222.0,0,22.0,237.0,-4.0,0.0,7.13,0.0,10.0,1.0
2018-01-17,AA,2134,BOS,MA,DCA,VA,2100,2137.0,0,37.0,399.0,0.0,1.2,6.63,3.1,4.25,1.0
2018-01-17,NK,689,DTW,MI,RSW,FL,2021,2037.0,0,16.0,1084.0,-9.0,0.0,16.38,0.0,10.0,1.0
2018-01-17,DL,1453,ATL,GA,DEN,CO,1421,1558.0,0,97.0,1199.0,-5.5,1.1,18.88,1.3,9.0,1.0
2018-01-17,DL,697,DFW,TX,ATL,GA,1800,2112.0,0,192.0,731.0,-4.0,0.0,6.38,0.0,10.0,1.0
2018-01-17,OO,5404,ORD,IL,PBI,FL,738,845.0,0,67.0,1144.0,-10.0,0.0,16.5,0.0,10.0,1.0
2018-01-17,WN,248,AUS,TX,BOS,MA,1010,1040.0,0,30.0,1698.0,-3.0,0.0,10.63,0.0,10.0,1.0
2018-01-17,WN,1345,SJC,CA,RNO,NV,1755,1839.0,0,44.0,188.0,15.0,0.0,3.0,0.0,10.0,1.0
2018-01-17,B6,574,TPA,FL,EWR,NJ,1038,1057.0,0,19.0,997.0,12.5,0.0,15.0,0.0,10.0,1.0
2018-01-17,DL,2228,DTW,MI,MCO,FL,1805,2245.0,0,280.0,957.0,-9.0,0.0,16.38,0.0,10.0,1.0
2018-01-17,AA,1723,CLT,NC,RIC,VA,1759,1937.0,0,98.0,257.0,-2.0,3.2,11.88,4.0,7.0,1.0
2018-01-17,DL,2075,ATL,GA,MCI,MO,1025,1541.0,0,316.0,692.0,-5.5,1.1,18.88,1.3,9.0,1.0
2018-01-17,9E,3870,LGA,NY,BTV,VT,2155,2245.0,0,50.0,258.0,-1.0,0.0,14.5,0.3,9.0,1.0
2018-01-17,DL,2142,EWR,NJ,ATL,GA,943,1149.0,0,126.0,746.0,-2.0,2.0,14.0,3.4,8.25,1.0
2018-01-17,AA,148,RDU,NC,CLT,NC,700,816.0,0,76.0,130.0,-1.5,3.6,12.25,5.8,6.88,1.0
2018-01-17,WN,940,BWI,MD,PVD,RI,1420,1449.0,0,29.0,327.0,-3.5,0.0,17.63,0.0,10.0,1.0
2018-01-17,DL,894,FNT,MI,ATL,GA,600,901.0,0,181.0,645.0,-10.0,0.0,19.13,0.0,9.0,1.0
2018-01-17,AA,2212,RDU,NC,DFW,TX,1155,1225.0,0,30.0,1061.0,-1.5,3.6,12.25,5.8,6.88,1.0
2018-01-17,EV,5551,HPN,NY,ATL,GA,704,1021.0,0,197.0,780.0,-1.5,1.6,10.75,2.9,5.75,1.0
2018-01-17,AA,1366,LGA,NY,MIA,FL,1629,1928.0,0,179.0,1096.0,-1.0,0.0,14.5,0.3,9.0,1.0
2018-01-17,OO,3163,PHX,AZ,LBB,TX,2000,2115.0,0,75.0,588.0,16.0,0.0,9.25,0.0,10.0,1.0
2018-01-17,9E,3702,HPN,NY,DTW,MI,1629,1650.0,0,21.0,505.0,-1.5,1.6,10.75,2.9,5.75,1.0
2018-01-17,DL,1816,DEN,CO,ATL,GA,1052,1412.0,0,200.0,1199.0,-0.5,0.0,4.88,0.0,10.0,1.0
2018-01-17,UA,1788,MCO,FL,IAH,TX,1150,1209.0,0,19.0,854.0,14.5,0.0,13.0,0.0,7.0,1.0
2018-01-17,NK,345,MSP,MN,PHX,AZ,959,1024.0,0,25.0,1276.0,-12.5,0.0,16.13,0.0,10.0,1.0
2018-01-17,WN,879,LAS,NV,DEN,CO,1340,1411.0,0,31.0,628.0,11.5,0.0,3.13,0.0,10.0,1.0
2018-01-18,UA,775,DEN,CO,LAS,NV,1603,1618.0,0,15.0,628.0,7.5,0.0,10.88,0.0,10.0,1.0
2018-01-18,OO,3463,ONT,CA,PDX,OR,1152,1216.0,0,24.0,838.0,21.0,0.0,5.25,0.0,10.0,1.0
2018-01-18,WN,1896,PHX,AZ,SJC,CA,1230,1311.0,0,41.0,621.0,17.0,0.0,6.13,0.0,10.0,1.0
2018-01-18,F9,1101,MIA,FL,LAS,NV,700,725.0,0,25.0,2174.0,12.5,0.0,23.13,0.0,10.0,1.0
2018-01-18,AA,1910,PBI,FL,CLT,NC,650,815.0,0,85.0,590.0,11.0,0.0,25.63,0.0,10.0,1.0
2018-01-18,OO,4276,GTF,MT,SLC,UT,1322,1441.0,0,79.0,463.0,3.5,0.0,19.25,0.8,9.88,1.0
2018-01-18,WN,1848,MDW,IL,OAK,CA,1930,1950.0,0,20.0,1844.0,-4.5,0.0,23.13,0.0,10.0,1.0
2018-01-18,9E,4051,JFK,NY,RDU,NC,808,832.0,0,24.0,427.0,-2.5,0.0,22.38,0.0,10.0,1.0
2018-01-18,WN,6239,BUF,NY,TPA,FL,1810,1925.0,0,75.0,1053.0,-7.5,0.0,27.0,0.1,9.0,1.0
2018-01-18,UA,223,SFO,CA,DEN,CO,1051,1119.0,0,28.0,967.0,13.0,0.0,12.13,0.7,8.0,1.0
2018-01-18,B6,933,MCO,FL,SJU,PR,2127,2147.0,0,20.0,1189.0,4.5,0.0,11.88,0.0,10.0,1.0
2018-01-18,WN,5389,FLL,FL,EWR,NJ,1935,2002.0,0,27.0,1065.0,12.5,0.0,25.5,0.0,10.0,1.0
2018-01-18,OO,4597,ROA,VA,ATL,GA,1400,1635.0,0,155.0,357.0,-5.0,0.0,11.13,0.0,10.0,1.0
2018-01-18,DL,2742,ATL,GA,FAY,NC,2029,2052.0,0,23.0,331.0,-2.0,0.0,11.75,0.0,10.0,1.0
2018-01-18,DL,1267,BNA,TN,ATL,GA,1205,1243.0,0,38.0,214.0,-6.0,0.0,6.5,0.0,10.0,1.0
2018-01-18,F9,774,LAS,NV,DEN,CO,1117,1549.0,0,272.0,628.0,11.5,0.0,3.88,0.0,10.0,1.0
2018-01-18,UA,1795,IAH,TX,DFW,TX,1504,1611.0,0,67.0,224.0,2.0,0.0,6.38,0.0,10.0,1.0
2018-01-18,DL,1403,ATL,GA,ECP,FL,1720,1920.0,0,120.0,240.0,-2.0,0.0,11.75,0.0,10.0,1.0
2018-01-18,B6,814,FLL,FL,HPN,NY,1933,2032.0,0,59.0,1097.0,12.5,0.0,25.5,0.0,10.0,1.0
2018-01-18,WN,6258,PHX,AZ,BUR,CA,2125,2232.0,0,67.0,369.0,17.0,0.0,6.13,0.0,10.0,1.0
2018-01-18,DL,1733,ATL,GA,ECP,FL,1109,1309.0,0,120.0,240.0,-2.0,0.0,11.75,0.0,10.0,1.0
2018-01-18,HA,16,HNL,HI,SAN,CA,1505,1520.0,0,15.0,2614.0,23.0,0.0,33.38,0.0,10.0,1.0
2018-01-18,YV,6242,TUL,OK,IAH,TX,1840,2141.0,0,181.0,429.0,1.0,0.0,18.5,0.0,10.0,1.0
2018-01-18,9E,3481,TYS,TN,ATL,GA,545,819.0,0,154.0,152.0,-5.0,0.0,3.75,0.0,10.0,1.0
2018-01-18,EV,5501,DTW,MI,CLE,OH,835,1004.0,0,89.0,95.0,-7.0,0.0,21.63,0.0,10.0,1.0
2018-01-18,AA,1805,JAX,FL,CLT,NC,846,905.0,0,19.0,328.0,3.5,0.0,11.75,0.0,10.0,1.0
2018-01-18,WN,6258,SAT,TX,PHX,AZ,1920,2028.0,0,68.0,843.0,3.5,0.0,5.25,0.1,10.0,1.0
2018-01-18,DL,1920,ATL,GA,EWR,NJ,922,938.0,0,16.0,746.0,-2.0,0.0,11.75,0.0,10.0,1.0
2018-01-18,AS,330,SEA,WA,SJC,CA,1400,1520.0,0,80.0,696.0,6.0,0.0,10.5,4.0,9.0,1.0
2018-01-18,DL,955,SLC,UT,SNA,CA,1650,1712.0,0,22.0,588.0,5.5,0.0,13.25,0.0,10.0,1.0
2018-01-18,OH,5216,MEM,TN,CLT,NC,1431,1513.0,0,42.0,511.0,-4.5,0.0,8.13,0.0,10.0,1.0
2018-01-18,EV,5542,ATL,GA,ABE,PA,1515,1534.0,0,19.0,692.0,-2.0,0.0,11.75,0.0,10.0,1.0
2018-01-18,DL,2390,FLL,FL,ATL,GA,1045,1112.0,0,27.0,581.0,12.5,0.0,25.5,0.0,10.0,1.0
2018-01-19,WN,213,MDW,IL,ATL,GA,2055,2111.0,0,16.0,591.0,0.5,0.0,22.75,0.0,10.0,1.0
2018-01-19,WN,673,SJC,CA,SEA,WA,2130,2156.0,0,26.0,696.0,10.5,0.0,6.5,0.1,10.0,1.0
2018-01-19,F9,580,SLC,UT,DEN,CO,2117,2239.0,0,82.0,391.0,5.0,0.8,25.25,0.9,9.0,1.0
2018-01-19,AA,763,ATL,GA,MIA,FL,1236,1255.0,0,19.0,594.0,3.5,0.0,8.0,0.0,10.0,1.0
2018-01-19,B6,599,BDL,CT,DCA,VA,1915,1945.0,0,30.0,313.0,-4.0,0.0,6.25,0.0,10.0,1.0
2018-01-19,B6,1836,DTW,MI,BOS,MA,600,644.0,0,44.0,632.0,-2.0,0.0,22.63,0.0,10.0,1.0
2018-01-19,OH,5476,DCA,VA,MEM,TN,1555,1649.0,0,54.0,762.0,3.0,0.0,4.63,0.0,10.0,1.0
2018-01-19,WN,672,RDU,NC,BNA,TN,1740,1800.0,0,20.0,442.0,2.5,0.0,8.25,0.0,10.0,1.0
2018-01-19,9E,3659,LGA,NY,JAX,FL,1425,1525.0,0,60.0,833.0,-0.5,0.0,15.13,0.0,10.0,1.0
2018-01-19,WN,376,RDU,NC,BWI,MD,1820,1849.0,0,29.0,255.0,2.5,0.0,8.25,0.0,10.0,1.0
2018-01-19,OO,3100,ORD,IL,GRR,MI,1155,1218.0,0,23.0,137.0,1.0,0.0,21.5,0.0,10.0,1.0
2018-01-19,OH,5610,TYS,TN,DCA,VA,620,656.0,0,36.0,437.0,1.0,0.0,5.0,0.0,10.0,1.0
2018-01-19,YV,5989,PHX,AZ,BUR,CA,2120,2203.0,0,43.0,369.0,18.0,0.0,7.13,0.0,10.0,1.0
2018-01-19,DL,2860,LAS,NV,SEA,WA,1422,1454.0,0,32.0,867.0,14.0,0.0,12.13,0.0,10.0,1.0
2018-01-20,YV,5884,ELP,TX,PHX,AZ,825,841.0,0,16.0,347.0,12.5,0.0,11.88,0.0,10.0,1.0
2018-01-20,B6,498,SEA,WA,BOS,MA,2339,123.0,0,104.0,2496.0,5.5,0.0,12.25,0.1,10.0,1.0
2018-01-20,AA,2776,DFW,TX,OKC,OK,1830,1948.0,0,78.0,175.0,14.5,0.0,21.0,0.0,10.0,1.0
2018-01-20,F9,560,SAN,CA,DEN,CO,1019,1238.0,0,139.0,853.0,13.0,0.0,22.13,0.6,10.0,1.0
2018-01-20,DL,1829,DTW,MI,MIA,FL,823,856.0,0,33.0,1145.0,2.0,0.0,17.0,0.1,8.0,1.0
2018-01-20,DL,1614,LIT,AR,ATL,GA,855,911.0,0,16.0,453.0,9.0,0.0,10.38,0.1,8.75,1.0
2018-01-20,OO,4858,FCA,MT,SLC,UT,1340,1410.0,0,30.0,531.0,-3.5,0.1,5.5,0.2,5.63,1.0
2018-01-20,OO,3076,SAN,CA,LAX,CA,930,947.0,0,17.0,109.0,13.0,0.0,22.13,0.6,10.0,1.0
2018-01-20,UA,1564,BOS,MA,ORD,IL,1141,1202.0,0,21.0,867.0,2.0,0.0,13.13,0.0,10.0,1.0
2018-01-21,EV,5593,DTW,MI,ATW,WI,1532,1759.0,0,147.0,296.0,2.0,0.0,6.5,0.6,0.5,1.0
2018-01-21,DL,1708,DEN,CO,MSP,MN,1110,1349.0,0,159.0,680.0,-4.0,0.2,21.63,0.8,8.13,1.0
2018-01-21,YV,6194,PIT,PA,IAD,VA,625,941.0,0,196.0,182.0,4.5,0.0,7.38,0.2,0.25,1.0
2018-01-21,WN,3136,DEN,CO,SEA,WA,1405,1557.0,0,112.0,1024.0,-4.0,0.2,21.63,0.8,8.13,1.0
2018-01-21,UA,441,DEN,CO,MCI,MO,1514,1543.0,0,29.0,533.0,-4.0,0.2,21.63,0.8,8.13,1.0
2018-01-21,AA,1672,DFW,TX,MCO,FL,2025,2055.0,0,30.0,985.0,17.5,0.0,19.88,7.8,9.13,1.0
2018-01-21,UA,1067,ORD,IL,PIT,PA,2059,2148.0,0,49.0,413.0,2.5,0.0,6.38,0.2,0.0,1.0
2018-01-21,AS,727,MCO,FL,PDX,OR,1555,1615.0,0,20.0,2534.0,19.5,0.0,9.0,0.0,10.0,1.0
2018-01-21,UA,1592,EGE,CO,DEN,CO,1315,1736.0,0,261.0,120.0,-8.0,3.9,8.88,4.6,6.25,1.0
2018-01-21,UA,770,LAS,NV,SFO,CA,1644,1710.0,0,26.0,414.0,5.0,0.0,9.63,0.0,10.0,1.0
2018-01-21,B6,403,JFK,NY,SJU,PR,948,1018.0,0,30.0,1598.0,5.0,0.0,9.63,0.0,10.0,1.0
2018-01-21,AA,829,PHL,PA,BNA,TN,2015,2036.0,0,21.0,675.0,5.5,0.0,5.0,0.0,10.0,1.0
2018-01-21,OO,5720,DEN,CO,SHV,LA,1256,1402.0,0,66.0,792.0,-4.0,0.2,21.63,0.8,8.13,1.0
2018-01-21,OH,5181,CLT,NC,CHS,SC,1429,1543.0,0,74.0,168.0,11.5,0.0,4.13,0.0,10.0,1.0
2018-01-21,AA,550,PHL,PA,BDL,CT,2050,2143.0,0,53.0,196.0,5.5,0.0,5.0,0.0,10.0,1.0
2018-01-21,DL,1375,SAN,CA,ATL,GA,730,752.0,0,22.0,1892.0,12.5,0.0,7.5,0.0,10.0,1.0
2018-01-21,WN,5552,SJC,CA,SLC,UT,1750,1809.0,0,19.0,584.0,10.5,0.0,4.63,0.0,10.0,1.0
2018-01-21,YX,5965,LGA,NY,ORD,IL,915,1008.0,0,53.0,733.0,5.5,0.0,7.5,0.0,10.0,1.0
2018-01-21,AA,1521,BWI,MD,ORD,IL,720,1013.0,0,173.0,622.0,6.0,0.0,6.25,0.0,10.0,1.0
2018-01-21,B6,136,PHX,AZ,JFK,NY,2249,2307.0,0,18.0,2153.0,10.5,0.0,14.0,0.0,10.0,1.0
2018-01-21,AA,2196,DFW,TX,PIT,PA,1830,1933.0,0,63.0,1067.0,17.5,0.0,19.88,7.8,9.13,1.0
2018-01-22,OO,3038,ORD,IL,CAK,OH,1212,1248.0,0,36.0,343.0,7.0,0.0,13.75,7.6,5.63,1.0
2018-01-22,F9,1635,MCO,FL,MKE,WI,1220,1330.0,0,70.0,1066.0,21.5,0.0,11.25,0.1,6.5,1.0
2018-01-22,9E,3334,ATL,GA,FAY,NC,1340,1412.0,0,32.0,331.0,12.0,0.0,10.13,4.2,7.63,1.0
2018-01-22,OO,7371,MSP,MN,BJI,MN,1125,1217.0,0,52.0,199.0,-2.0,9.9,25.0,12.9,6.75,1.0
2018-01-22,OH,5187,CLT,NC,EWN,NC,1610,1648.0,0,38.0,221.0,12.0,0.0,7.63,0.0,10.0,1.0
2018-01-22,OO,4507,MSP,MN,ISN,ND,955,1037.0,0,42.0,546.0,-2.0,9.9,25.0,12.9,6.75,1.0
2018-01-22,WN,5884,MSY,LA,HOU,TX,1500,1520.0,0,20.0,302.0,18.5,0.0,13.0,2.5,8.88,1.0
2018-01-22,AA,2430,DFW,TX,CMH,OH,1445,1637.0,0,112.0,926.0,10.5,0.0,21.63,0.0,10.0,1.0
2018-01-22,DL,1205,ATL,GA,SDF,KY,1830,1856.0,0,26.0,321.0,12.0,0.0,10.13,4.2,7.63,1.0
2018-01-22,YX,3685,MEM,TN,ORD,IL,1105,1140.0,0,35.0,491.0,13.5,0.0,23.38,1.9,9.88,1.0
2018-01-22,DL,2819,MSP,MN,SLC,UT,1730,1953.0,0,143.0,991.0,-2.0,9.9,25.0,12.9,6.75,1.0
2018-01-22,UA,1291,SBA,CA,SFO,CA,748,906.0,0,78.0,262.0,13.0,0.0,11.5,0.0,10.0,1.0
2018-01-22,MQ,3808,MEM,TN,ORD,IL,1203,1320.0,0,77.0,491.0,13.5,0.0,23.38,1.9,9.88,1.0
2018-01-22,WN,6258,PHX,AZ,BUR,CA,2125,2209.0,0,44.0,369.0,11.5,0.0,6.75,0.0,10.0,1.0
2018-01-22,UA,703,IAH,TX,FLL,FL,1420,1458.0,0,38.0,966.0,15.0,0.0,14.88,2.9,9.5,1.0
2018-01-22,DL,2599,BNA,TN,ATL,GA,1611,1632.0,0,21.0,214.0,12.5,0.0,21.0,0.7,9.0,1.0
2018-01-22,YX,4691,IND,IN,MIA,FL,1753,1822.0,0,29.0,1020.0,9.5,0.0,23.13,2.1,9.88,1.0
2018-01-22,YX,6098,DFW,TX,LGA,NY,1845,1923.0,0,38.0,1389.0,10.5,0.0,21.63,0.0,10.0,1.0
2018-01-22,AA,165,BOS,MA,DFW,TX,600,654.0,0,54.0,1562.0,2.0,0.0,5.38,1.7,6.88,1.0
2018-01-22,OO,2944,ORD,IL,CLE,OH,720,740.0,0,20.0,316.0,7.0,0.0,13.75,7.6,5.63,1.0
2018-01-22,DL,1193,CMH,OH,ATL,GA,1448,2111.0,0,383.0,447.0,10.0,0.0,15.25,3.7,8.5,1.0
2018-01-22,9E,3850,LGA,NY,MCI,MO,1645,1721.0,0,36.0,1107.0,5.5,0.0,6.63,0.1,10.0,1.0
2018-01-22,UA,448,DEN,CO,LAS,NV,1927,2110.0,0,103.0,628.0,-3.0,0.0,11.5,0.0,10.0,1.0
2018-01-23,DL,2986,IND,IN,ATL,GA,1126,1207.0,0,41.0,432.0,2.0,0.2,20.38,1.6,9.25,1.0
2018-01-23,9E,3424,MSP,MN,PIT,PA,1500,1550.0,0,50.0,726.0,-6.5,0.3,11.75,0.4,9.0,1.0
2018-01-23,B6,76,MSY,LA,JFK,NY,1158,1236.0,0,38.0,1182.0,12.5,0.0,15.0,0.0,10.0,1.0
2018-01-23,OO,5098,SPI,IL,ORD,IL,1030,1409.0,0,219.0,174.0,0.5,0.7,21.25,0.7,8.38,1.0
2018-01-23,EV,5573,LGA,NY,RDU,NC,935,1003.0,0,28.0,431.0,7.5,0.0,14.25,0.9,7.88,1.0
2018-01-23,UA,1273,SFO,CA,OGG,HI,1100,1247.0,0,107.0,2338.0,10.5,0.0,5.25,0.0,10.0,1.0
2018-01-23,WN,1572,IND,IN,TPA,FL,530,747.0,0,137.0,837.0,2.0,0.2,20.38,1.6,9.25,1.0
2018-01-23,MQ,3673,SGF,MO,DFW,TX,1208,1242.0,0,34.0,364.0,1.0,0.0,18.88,0.0,10.0,1.0
2018-01-23,UA,1779,BWI,MD,DEN,CO,1608,1645.0,0,37.0,1491.0,10.5,0.0,19.0,1.0,9.38,1.0
2018-01-23,OO,2932,HSV,AL,ORD,IL,1718,1809.0,0,51.0,510.0,5.0,0.0,15.25,0.0,10.0,1.0
2018-01-23,AA,1035,MSP,MN,ORD,IL,1600,1639.0,0,39.0,334.0,-6.5,0.3,11.75,0.4,9.0,1.0
2018-01-23,OO,3152,LAX,CA,SLC,UT,2055,2232.0,0,97.0,590.0,17.5,0.0,8.13,0.0,10.0,1.0
2018-01-23,AA,2387,ORD,IL,BOS,MA,1505,1525.0,0,20.0,867.0,0.0,0.3,14.63,0.4,9.0,1.0
2018-01-23,9E,3505,CVG,KY,STL,MO,1210,1227.0,0,17.0,308.0,4.0,0.3,17.38,0.5,9.25,1.0
2018-01-23,MQ,3639,XNA,AR,DFW,TX,1400,1438.0,0,38.0,280.0,2.0,0.0,13.25,0.0,10.0,1.0
2018-01-23,B6,823,DCA,VA,MCO,FL,1137,1218.0,0,41.0,759.0,13.0,0.0,16.38,1.1,9.25,1.0
2018-01-24,WN,1879,MDW,IL,LAS,NV,1900,1925.0,0,25.0,1521.0,-2.0,0.0,8.13,0.0,10.0,1.0
2018-01-24,EV,4452,GSP,SC,IAH,TX,700,1252.0,0,352.0,837.0,7.5,0.0,6.88,0.0,10.0,1.0
2018-01-24,MQ,3734,ORD,IL,CVG,KY,1840,1856.0,0,16.0,264.0,-2.0,0.3,6.88,0.3,9.25,1.0
2018-01-24,OO,4784,MGM,AL,ATL,GA,1123,1219.0,0,56.0,147.0,6.5,0.0,10.25,0.0,10.0,1.0
2018-01-24,9E,3774,BOS,MA,BUF,NY,910,932.0,0,22.0,395.0,0.5,0.0,16.38,0.0,10.0,1.0
2018-01-24,WN,671,BWI,MD,ATL,GA,1305,1351.0,0,46.0,577.0,3.0,0.0,16.0,0.0,10.0,1.0
2018-01-24,WN,5877,MKE,WI,DEN,CO,1520,1541.0,0,21.0,896.0,-3.5,0.0,9.38,0.1,10.0,1.0
2018-01-24,EV,4422,LIT,AR,ORD,IL,646,736.0,0,50.0,552.0,7.0,0.0,6.88,0.0,10.0,1.0
2018-01-24,WN,5563,HOU,TX,ELP,TX,2220,2321.0,0,61.0,677.0,11.5,0.0,10.38,0.0,10.0,1.0
2018-01-24,9E,3786,MOT,ND,MSP,MN,1214,1235.0,0,21.0,449.0,-7.0,0.0,8.5,0.0,10.0,1.0
2018-01-24,OH,5591,CLE,OH,CLT,NC,1518,1602.0,0,44.0,430.0,-3.0,0.0,12.63,0.1,10.0,1.0
2018-01-24,WN,5415,LGA,NY,TPA,FL,1825,1842.0,0,17.0,1010.0,2.0,0.0,21.5,0.0,10.0,1.0
2018-01-24,WN,184,LAS,NV,PHX,AZ,1655,1745.0,0,50.0,255.0,8.5,0.0,5.25,0.0,10.0,1.0
2018-01-24,9E,3800,EWR,NJ,MSP,MN,1850,1912.0,0,22.0,1008.0,1.5,0.0,19.25,0.0,10.0,1.0
2018-01-24,OO,5003,ORD,IL,FWA,IN,1745,1829.0,0,44.0,157.0,-2.0,0.3,6.88,0.3,9.25,1.0
2018-01-24,AA,1543,SFO,CA,PHX,AZ,1220,1245.0,0,25.0,651.0,12.0,0.0,13.13,6.3,9.75,1.0
2018-01-24,MQ,3441,DFW,TX,ABI,TX,1650,1748.0,0,58.0,158.0,10.0,0.0,5.5,0.0,10.0,1.0
2018-01-25,AA,85,JFK,NY,SFO,CA,1840,2019.0,0,99.0,2586.0,-2.0,0.0,23.13,0.0,10.0,1.0
2018-01-25,OO,5418,OKC,OK,DEN,CO,1650,1745.0,0,55.0,495.0,10.5,0.0,26.75,0.0,10.0,1.0
2018-01-25,OO,3197,GRR,MI,ORD,IL,1108,1144.0,0,36.0,137.0,-1.5,0.1,10.5,0.1,9.38,1.0
2018-01-25,B6,1198,MCO,FL,LGA,NY,1735,1755.0,0,20.0,950.0,15.0,0.0,18.38,0.0,10.0,1.0
2018-01-25,DL,1227,ATL,GA,DTW,MI,1635,1708.0,0,33.0,594.0,7.0,0.0,5.63,0.0,10.0,1.0
2018-01-25,OO,5589,ORD,IL,MSP,MN,1340,1459.0,0,79.0,334.0,0.5,0.0,10.5,0.0,10.0,1.0
2018-01-25,F9,1689,CLT,NC,MCO,FL,1515,1929.0,0,254.0,468.0,6.0,0.0,4.5,0.0,10.0,1.0
2018-01-25,WN,1050,LAX,CA,MDW,IL,1835,1909.0,0,34.0,1750.0,14.0,0.0,10.38,0.0,10.0,1.0
2018-01-25,UA,458,ONT,CA,SFO,CA,800,825.0,0,25.0,363.0,13.0,0.0,5.13,0.0,10.0,1.0
2018-01-25,OO,7439,INL,MN,MSP,MN,1720,1007.0,0,1007.0,255.0,-6.0,0.0,8.63,0.0,7.0,1.0
2018-01-26,B6,1445,BOS,MA,CLT,NC,1443,1514.0,0,31.0,728.0,-4.0,0.0,11.63,0.0,10.0,1.0
2018-01-26,B6,319,FLL,FL,SLC,UT,1940,2022.0,0,42.0,2084.0,21.5,0.0,36.25,0.2,10.0,1.0
2018-01-26,HA,47,OAK,CA,HNL,HI,915,955.0,0,40.0,2409.0,9.5,0.0,3.5,0.1,10.0,1.0
2018-01-26,OO,5128,AVL,NC,ORD,IL,1704,1027.0,0,1043.0,536.0,5.0,0.0,4.75,0.0,10.0,1.0
2018-01-26,WN,754,SAN,CA,MDW,IL,620,925.0,0,185.0,1728.0,13.0,0.0,8.0,0.0,10.0,1.0
2018-01-26,OH,5445,ROA,VA,CLT,NC,1240,1350.0,0,70.0,155.0,5.5,0.0,5.13,0.0,10.0,1.0
2018-01-26,OO,4294,DTW,MI,MLI,IL,1530,1733.0,0,123.0,373.0,3.5,0.0,16.63,0.0,10.0,1.0
2018-01-26,OO,7409,CIU,MI,DTW,MI,1539,1607.0,0,28.0,284.0,-2.0,0.0,17.88,0.0,10.0,1.0
2018-01-26,WN,983,MCO,FL,BNA,TN,1810,1835.0,0,25.0,616.0,17.0,0.0,17.5,0.1,10.0,1.0
2018-01-26,AA,775,LAX,CA,SEA,WA,1945,2017.0,0,32.0,954.0,14.0,0.0,9.75,0.0,10.0,1.0
2018-01-27,F9,1163,RSW,FL,CVG,KY,1930,2044.0,0,74.0,879.0,20.0,0.0,20.0,0.0,10.0,1.0
2018-01-27,OO,3010,LAX,CA,SLC,UT,1550,1936.0,0,226.0,590.0,17.5,0.0,7.88,0.0,10.0,1.0
2018-01-27,OH,5129,GSO,NC,CLT,NC,1609,1640.0,0,31.0,83.0,7.5,0.0,5.63,1.0,9.88,1.0
2018-01-27,B6,1936,LGB,CA,SFO,CA,1249,1305.0,0,16.0,354.0,17.5,0.0,5.0,0.0,10.0,1.0
2018-01-27,DL,1165,ATL,GA,OMA,NE,1000,1016.0,0,16.0,821.0,11.0,0.0,9.63,3.7,7.75,1.0
2018-01-27,WN,2886,PHX,AZ,OAK,CA,2020,2045.0,0,25.0,646.0,16.0,0.0,8.13,0.0,10.0,1.0
2018-01-27,9E,3401,FSM,AR,ATL,GA,700,1031.0,0,211.0,579.0,11.0,0.0,8.38,2.5,7.13,1.0
2018-01-28,WN,2723,ATL,GA,AUS,TX,1945,2006.0,0,21.0,813.0,11.5,0.0,5.88,8.5,2.13,1.0
2018-01-28,NK,614,ORD,IL,BWI,MD,1950,2007.0,0,17.0,622.0,1.0,0.5,11.13,0.6,8.0,1.0
2018-01-28,WN,5754,SLC,UT,SMF,CA,1925,2010.0,0,45.0,532.0,2.0,0.0,5.88,0.0,10.0,1.0
2018-01-28,UA,1182,IAH,TX,MIA,FL,1000,1044.0,0,44.0,964.0,17.0,0.0,11.5,0.3,8.0,1.0
2018-01-28,B6,105,JFK,NY,ORD,IL,1545,1603.0,0,18.0,740.0,7.5,0.0,10.38,1.7,7.63,1.0
2018-01-28,OH,5416,CLT,NC,DTW,MI,1434,1521.0,0,47.0,500.0,11.5,0.0,5.88,12.2,4.88,1.0
2018-01-28,AA,2394,MIA,FL,ORD,IL,1830,1933.0,0,63.0,1197.0,23.5,0.0,23.88,0.2,10.0,1.0
2018-01-28,AA,763,ATL,GA,MIA,FL,1236,1255.0,0,19.0,594.0,11.5,0.0,5.88,8.5,2.13,1.0
2018-01-28,YX,5976,ORD,IL,LGA,NY,1430,1603.0,0,93.0,733.0,1.0,0.5,11.13,0.6,8.0,1.0
2018-01-28,YV,5934,PHX,AZ,ONT,CA,835,918.0,0,43.0,325.0,19.5,0.0,12.38,0.0,10.0,1.0
2018-01-28,UA,2416,ORD,IL,CLE,OH,2125,2318.0,0,113.0,316.0,1.0,0.5,11.13,0.6,8.0,1.0
2018-01-28,G4,895,IAG,NY,PIE,FL,1026,1100.0,0,34.0,1069.0,2.0,0.0,12.13,0.0,10.0,1.0
2018-01-28,EV,4120,EWR,NJ,SYR,NY,2140,2309.0,0,89.0,195.0,7.5,0.0,7.88,2.5,8.5,1.0
2018-01-28,EV,4364,MSN,WI,EWR,NJ,1145,1237.0,0,52.0,799.0,-2.5,0.2,12.13,0.2,8.75,1.0
2018-01-28,WN,2099,ABQ,NM,LAX,CA,905,921.0,0,16.0,677.0,5.0,0.0,12.38,0.0,10.0,1.0
2018-01-28,G4,1203,PIE,FL,AVL,NC,2042,2135.0,0,53.0,519.0,20.0,0.0,13.25,5.7,9.63,1.0
2018-01-28,MQ,3731,SGF,MO,ORD,IL,1250,1325.0,0,35.0,438.0,7.0,0.0,6.0,0.0,10.0,1.0
2018-01-28,DL,1175,AGS,GA,ATL,GA,615,630.0,0,15.0,143.0,14.0,0.0,5.88,9.8,2.25,1.0
2018-01-28,B6,630,SJU,PR,MCO,FL,238,803.0,0,325.0,1189.0,25.5,0.0,34.5,2.51,9.88,1.0
2018-01-29,UA,449,ORD,IL,ATL,GA,1345,1405.0,0,20.0,606.0,-3.5,0.0,17.75,0.0,10.0,1.0
2018-01-29,DL,2223,TYS,TN,ATL,GA,1730,1747.0,0,17.0,152.0,5.5,0.5,10.75,0.6,9.0,1.0
2018-01-29,OO,4565,MDT,PA,DTW,MI,1225,1317.0,0,52.0,371.0,4.0,0.0,9.25,0.0,10.0,1.0
2018-01-29,OO,7362,DTW,MI,MLI,IL,2025,2144.0,0,79.0,373.0,-4.5,2.9,19.25,3.5,7.0,1.0
2018-01-29,DL,2802,STL,MO,DTW,MI,1857,1925.0,0,28.0,440.0,-1.0,0.4,16.13,0.5,9.0,1.0
2018-01-29,9E,3631,RSW,FL,LGA,NY,800,1024.0,0,144.0,1080.0,19.5,0.0,19.13,0.0,9.0,1.0
2018-01-29,DL,1503,PDX,OR,MSP,MN,1421,1448.0,0,27.0,1426.0,9.0,0.0,6.75,10.5,9.38,1.0
2018-01-29,G4,483,GRR,MI,LAS,NV,1445,1523.0,0,38.0,1642.0,-4.0,0.2,15.63,0.3,9.0,1.0
2018-01-29,DL,2431,DTW,MI,DCA,VA,2000,2038.0,0,38.0,405.0,-4.5,2.9,19.25,3.5,7.0,1.0
2018-01-29,MQ,3306,ORD,IL,LSE,WI,1642,1700.0,0,18.0,215.0,-3.5,0.0,17.75,0.0,10.0,1.0
2018-01-29,YX,3693,ORD,IL,DCA,VA,1500,1614.0,0,74.0,612.0,-3.5,0.0,17.75,0.0,10.0,1.0
2018-01-29,MQ,3470,CMH,OH,ORD,IL,1523,1737.0,0,134.0,296.0,0.0,0.0,11.38,0.0,10.0,1.0
2018-01-29,DL,1194,PDX,OR,SLC,UT,1652,1710.0,0,18.0,630.0,9.0,0.0,6.75,10.5,9.38,1.0
2018-01-29,AA,576,DFW,TX,LAS,NV,2245,2307.0,0,22.0,1055.0,7.5,0.0,14.88,0.0,10.0,1.0
2018-01-29,WN,1646,MDW,IL,DTW,MI,1000,1030.0,0,30.0,228.0,-3.5,0.1,20.38,0.1,9.38,1.0
2018-01-29,AS,432,SEA,WA,LAX,CA,1200,1218.0,0,18.0,954.0,7.5,0.0,9.88,0.3,8.38,1.0
2018-01-29,HA,24,OGG,HI,OAK,CA,1330,1350.0,0,20.0,2349.0,22.0,0.0,8.75,0.0,10.0,1.0
2018-01-29,9E,3988,MHT,NH,LGA,NY,1711,2106.0,0,235.0,195.0,-1.0,0.0,9.88,0.0,10.0,1.0
2018-01-29,NK,619,IAH,TX,SAN,CA,2130,2154.0,0,24.0,1303.0,13.0,0.0,14.88,0.0,10.0,1.0
2018-01-29,OH,5551,DCA,VA,BNA,TN,2000,2205.0,0,125.0,562.0,6.5,0.0,10.0,0.71,7.75,1.0
2018-01-30,F9,1790,RSW,FL,ISP,NY,1133,1302.0,0,89.0,1101.0,15.0,0.0,21.88,0.0,10.0,1.0
2018-01-30,B6,2269,BOS,MA,FLL,FL,1150,1219.0,0,29.0,1237.0,-3.5,4.0,17.38,4.6,8.0,1.0
2018-01-30,EV,4270,CLE,OH,EWR,NJ,1146,1227.0,0,41.0,404.0,-7.0,0.2,21.75,0.4,8.13,1.0
2018-01-30,B6,282,HOU,TX,JFK,NY,1120,1537.0,0,257.0,1428.0,10.5,0.0,12.38,0.0,10.0,1.0
2018-01-30,WN,2146,PHX,AZ,LAS,NV,1905,1925.0,0,20.0,255.0,20.5,0.0,9.63,0.0,10.0,1.0
2018-01-30,OH,5018,DCA,VA,DSM,IA,2000,2015.0,0,15.0,897.0,-0.5,0.0,18.75,0.0,10.0,1.0
2018-01-30,AA,425,DFW,TX,PHX,AZ,1040,1055.0,0,15.0,868.0,8.5,0.0,15.63,0.0,10.0,1.0
2018-01-30,B6,521,BOS,MA,PBI,FL,1340,1507.0,0,87.0,1197.0,-3.5,4.0,17.38,4.6,8.0,1.0
2018-01-30,EV,5465,LGA,NY,GSO,NC,1855,2026.0,0,91.0,461.0,-1.0,0.0,19.63,0.0,10.0,1.0
2018-01-30,MQ,3458,MIA,FL,CMH,OH,1930,2033.0,0,63.0,990.0,18.0,0.0,26.0,0.1,10.0,1.0
2018-01-30,WN,1931,DEN,CO,LAS,NV,1825,1929.0,0,64.0,628.0,8.5,0.0,18.0,0.0,10.0,1.0
2018-01-30,AA,1669,LGA,NY,RDU,NC,859,936.0,0,37.0,431.0,-1.0,0.0,19.63,0.0,10.0,1.0
2018-01-30,UA,1541,IAH,TX,SFO,CA,1839,1913.0,0,34.0,1635.0,11.0,0.0,10.75,0.0,10.0,1.0
2018-01-30,WN,6116,STL,MO,SEA,WA,1355,1422.0,0,27.0,1709.0,-1.0,0.0,10.75,0.0,10.0,1.0
2018-01-30,EV,5486,LGA,NY,RDU,NC,1630,1727.0,0,57.0,431.0,-1.0,0.0,19.63,0.0,10.0,1.0
2018-01-31,DL,2025,MIA,FL,ATL,GA,1915,1932.0,0,17.0,594.0,17.5,0.0,20.25,0.0,10.0,1.0
2018-01-31,MQ,3496,DFW,TX,IAH,TX,1430,1449.0,0,19.0,224.0,14.5,0.0,27.38,0.0,10.0,1.0
2018-01-31,WN,1106,PHX,AZ,LAS,NV,1200,1218.0,0,18.0,255.0,19.5,0.0,5.0,0.0,10.0,1.0
2018-01-31,OO,4565,DTW,MI,MDT,PA,1012,1049.0,0,37.0,371.0,-2.0,0.0,22.0,0.0,10.0,1.0
